image_path,group,group_source,label,meaning,class_id
F:\25-26 kì 2\chuyên đề thầy Thành\TrafficSignsProject\dataset_aug\Information Signs\I.401\1.png,chỉ dẫn,Information Signs,I.401,,0
F:\25-26 kì 2\chuyên đề thầy Thành\TrafficSignsProject\dataset_aug\Information Signs\I.401\1_shear_5deg.png,chỉ dẫn,Information Signs,I.401,,0
F:\25-26 kì 2\chuyên đề thầy Thành\TrafficSignsProject\dataset_aug\Information Signs\I.401\1_shear_m5deg.png,chỉ dẫn,Information Signs,I.401,,0
F:\25-26 kì 2\chuyên đề thầy Thành\TrafficSignsProject\dataset_aug\Information Signs\I.402\1.png,chỉ dẫn,Information Signs,I.402,,1
F:\25-26 kì 2\chuyên đề thầy Thành\TrafficSignsProject\dataset_aug\Information Signs\I.402\1_shear_5deg.png,chỉ dẫn,Information Signs,I.402,,1
F:\25-26 kì 2\chuyên đề thầy Thành\TrafficSignsProject\dataset_aug\Information Signs\I.402\1_shear_m5deg.png,chỉ dẫn,Information Signs,I.402,,1
F:\25-26 kì 2\chuyên đề thầy Thành\TrafficSignsProject\dataset_aug\Information Signs\I.405a\1.png,chỉ dẫn,Information Signs,I.405a,,2
F:\25-26 kì 2\chuyên đề thầy Thành\TrafficSignsProject\dataset_aug\Information Signs\I.405a\1_shear_5deg.png,chỉ dẫn,Information Signs,I.405a,,2
F:\25-26 kì 2\chuyên đề thầy Thành\TrafficSignsProject\dataset_aug\Information Signs\I.405a\1_shear_m5deg.png,chỉ dẫn,Information Signs,I.405a,,2
F:\25-26 kì 2\chuyên đề thầy Thành\TrafficSignsProject\dataset_aug\Information Signs\I.405b\1.png,chỉ dẫn,Information Signs,I.405b,,3
F:\25-26 kì 2\chuyên đề thầy Thành\TrafficSignsProject\dataset_aug\Information Signs\I.405b\1_shear_5deg.png,chỉ dẫn,Information Signs,I.405b,,3
F:\25-26 kì 2\chuyên đề thầy Thành\TrafficSignsProject\dataset_aug\Information Signs\I.405b\1_shear_m5deg.png,chỉ dẫn,Information Signs,I.405b,,3
F:\25-26 kì 2\chuyên đề thầy Thành\TrafficSignsProject\dataset_aug\Information Signs\I.405c\1.png,chỉ dẫn,Information Signs,I.405c,,4
F:\25-26 kì 2\chuyên đề thầy Thành\TrafficSignsProject\dataset_aug\Information Signs\I.405c\1_shear_5deg.png,chỉ dẫn,Information Signs,I.405c,,4
F:\25-26 kì 2\chuyên đề thầy Thành\TrafficSignsProject\dataset_aug\Information Signs\I.405c\1_shear_m5deg.png,chỉ dẫn,Information Signs,I.405c,,4
F:\25-26 kì 2\chuyên đề thầy Thành\TrafficSignsProject\dataset_aug\Information Signs\I.406\1.png,chỉ dẫn,Information Signs,I.406,,5
F:\25-26 kì 2\chuyên đề thầy Thành\TrafficSignsProject\dataset_aug\Information Signs\I.406\1_shear_5deg.png,chỉ dẫn,Information Signs,I.406,,5
F:\25-26 kì 2\chuyên đề thầy Thành\TrafficSignsProject\dataset_aug\Information Signs\I.406\1_shear_m5deg.png,chỉ dẫn,Information Signs,I.406,,5
F:\25-26 kì 2\chuyên đề thầy Thành\TrafficSignsProject\dataset_aug\Information Signs\I.407a\1.png,chỉ dẫn,Information Signs,I.407a,,6
F:\25-26 kì 2\chuyên đề thầy Thành\TrafficSignsProject\dataset_aug\Information Signs\I.407a\1_shear_5deg.png,chỉ dẫn,Information Signs,I.407a,,6
F:\25-26 kì 2\chuyên đề thầy Thành\TrafficSignsProject\dataset_aug\Information Signs\I.407a\1_shear_m5deg.png,chỉ dẫn,Information Signs,I.407a,,6
F:\25-26 kì 2\chuyên đề thầy Thành\TrafficSignsProject\dataset_aug\Information Signs\I.407b\1.png,chỉ dẫn,Information Signs,I.407b,,7
F:\25-26 kì 2\chuyên đề thầy Thành\TrafficSignsProject\dataset_aug\Information Signs\I.407b\1_shear_5deg.png,chỉ dẫn,Information Signs,I.407b,,7
F:\25-26 kì 2\chuyên đề thầy Thành\TrafficSignsProject\dataset_aug\Information Signs\I.407b\1_shear_m5deg.png,chỉ dẫn,Information Signs,I.407b,,7
F:\25-26 kì 2\chuyên đề thầy Thành\TrafficSignsProject\dataset_aug\Information Signs\I.407c\1.png,chỉ dẫn,Information Signs,I.407c,,8
F:\25-26 kì 2\chuyên đề thầy Thành\TrafficSignsProject\dataset_aug\Information Signs\I.407c\1_shear_5deg.png,chỉ dẫn,Information Signs,I.407c,,8
F:\25-26 kì 2\chuyên đề thầy Thành\TrafficSignsProject\dataset_aug\Information Signs\I.407c\1_shear_m5deg.png,chỉ dẫn,Information Signs,I.407c,,8
F:\25-26 kì 2\chuyên đề thầy Thành\TrafficSignsProject\dataset_aug\Information Signs\I.408\1.png,chỉ dẫn,Information Signs,I.408,,9
F:\25-26 kì 2\chuyên đề thầy Thành\TrafficSignsProject\dataset_aug\Information Signs\I.408\1_shear_5deg.png,chỉ dẫn,Information Signs,I.408,,9
F:\25-26 kì 2\chuyên đề thầy Thành\TrafficSignsProject\dataset_aug\Information Signs\I.408\1_shear_m5deg.png,chỉ dẫn,Information Signs,I.408,,9
F:\25-26 kì 2\chuyên đề thầy Thành\TrafficSignsProject\dataset_aug\Information Signs\I.408a\1.png,chỉ dẫn,Information Signs,I.408a,,10
F:\25-26 kì 2\chuyên đề thầy Thành\TrafficSignsProject\dataset_aug\Information Signs\I.408a\1_shear_5deg.png,chỉ dẫn,Information Signs,I.408a,,10
F:\25-26 kì 2\chuyên đề thầy Thành\TrafficSignsProject\dataset_aug\Information Signs\I.408a\1_shear_m5deg.png,chỉ dẫn,Information Signs,I.408a,,10
F:\25-26 kì 2\chuyên đề thầy Thành\TrafficSignsProject\dataset_aug\Information Signs\I.409\1.png,chỉ dẫn,Information Signs,I.409,,11
F:\25-26 kì 2\chuyên đề thầy Thành\TrafficSignsProject\dataset_aug\Information Signs\I.409\1_shear_5deg.png,chỉ dẫn,Information Signs,I.409,,11
F:\25-26 kì 2\chuyên đề thầy Thành\TrafficSignsProject\dataset_aug\Information Signs\I.409\1_shear_m5deg.png,chỉ dẫn,Information Signs,I.409,,11
F:\25-26 kì 2\chuyên đề thầy Thành\TrafficSignsProject\dataset_aug\Information Signs\I.410\1.png,chỉ dẫn,Information Signs,I.410,,12
F:\25-26 kì 2\chuyên đề thầy Thành\TrafficSignsProject\dataset_aug\Information Signs\I.410\1_shear_5deg.png,chỉ dẫn,Information Signs,I.410,,12
F:\25-26 kì 2\chuyên đề thầy Thành\TrafficSignsProject\dataset_aug\Information Signs\I.410\1_shear_m5deg.png,chỉ dẫn,Information Signs,I.410,,12
F:\25-26 kì 2\chuyên đề thầy Thành\TrafficSignsProject\dataset_aug\Information Signs\I.413a\1.png,chỉ dẫn,Information Signs,I.413a,,13
F:\25-26 kì 2\chuyên đề thầy Thành\TrafficSignsProject\dataset_aug\Information Signs\I.413a\1_shear_5deg.png,chỉ dẫn,Information Signs,I.413a,,13
F:\25-26 kì 2\chuyên đề thầy Thành\TrafficSignsProject\dataset_aug\Information Signs\I.413a\1_shear_m5deg.png,chỉ dẫn,Information Signs,I.413a,,13
F:\25-26 kì 2\chuyên đề thầy Thành\TrafficSignsProject\dataset_aug\Information Signs\I.413b\1.png,chỉ dẫn,Information Signs,I.413b,,14
F:\25-26 kì 2\chuyên đề thầy Thành\TrafficSignsProject\dataset_aug\Information Signs\I.413b\1_shear_5deg.png,chỉ dẫn,Information Signs,I.413b,,14
F:\25-26 kì 2\chuyên đề thầy Thành\TrafficSignsProject\dataset_aug\Information Signs\I.413b\1_shear_m5deg.png,chỉ dẫn,Information Signs,I.413b,,14
F:\25-26 kì 2\chuyên đề thầy Thành\TrafficSignsProject\dataset_aug\Information Signs\I.413c\1.png,chỉ dẫn,Information Signs,I.413c,,15
F:\25-26 kì 2\chuyên đề thầy Thành\TrafficSignsProject\dataset_aug\Information Signs\I.413c\1_shear_5deg.png,chỉ dẫn,Information Signs,I.413c,,15
F:\25-26 kì 2\chuyên đề thầy Thành\TrafficSignsProject\dataset_aug\Information Signs\I.413c\1_shear_m5deg.png,chỉ dẫn,Information Signs,I.413c,,15
F:\25-26 kì 2\chuyên đề thầy Thành\TrafficSignsProject\dataset_aug\Information Signs\I.414a\1.png,chỉ dẫn,Information Signs,I.414a,,16
F:\25-26 kì 2\chuyên đề thầy Thành\TrafficSignsProject\dataset_aug\Information Signs\I.414a\1_shear_5deg.png,chỉ dẫn,Information Signs,I.414a,,16
F:\25-26 kì 2\chuyên đề thầy Thành\TrafficSignsProject\dataset_aug\Information Signs\I.414a\1_shear_m5deg.png,chỉ dẫn,Information Signs,I.414a,,16
F:\25-26 kì 2\chuyên đề thầy Thành\TrafficSignsProject\dataset_aug\Information Signs\I.414b\1.png,chỉ dẫn,Information Signs,I.414b,,17
F:\25-26 kì 2\chuyên đề thầy Thành\TrafficSignsProject\dataset_aug\Information Signs\I.414b\1_shear_5deg.png,chỉ dẫn,Information Signs,I.414b,,17
F:\25-26 kì 2\chuyên đề thầy Thành\TrafficSignsProject\dataset_aug\Information Signs\I.414b\1_shear_m5deg.png,chỉ dẫn,Information Signs,I.414b,,17
F:\25-26 kì 2\chuyên đề thầy Thành\TrafficSignsProject\dataset_aug\Information Signs\I.414c\1.png,chỉ dẫn,Information Signs,I.414c,,18
F:\25-26 kì 2\chuyên đề thầy Thành\TrafficSignsProject\dataset_aug\Information Signs\I.414c\1_shear_5deg.png,chỉ dẫn,Information Signs,I.414c,,18
F:\25-26 kì 2\chuyên đề thầy Thành\TrafficSignsProject\dataset_aug\Information Signs\I.414c\1_shear_m5deg.png,chỉ dẫn,Information Signs,I.414c,,18
F:\25-26 kì 2\chuyên đề thầy Thành\TrafficSignsProject\dataset_aug\Information Signs\I.414d\1.png,chỉ dẫn,Information Signs,I.414d,,19
F:\25-26 kì 2\chuyên đề thầy Thành\TrafficSignsProject\dataset_aug\Information Signs\I.414d\1_shear_5deg.png,chỉ dẫn,Information Signs,I.414d,,19
F:\25-26 kì 2\chuyên đề thầy Thành\TrafficSignsProject\dataset_aug\Information Signs\I.414d\1_shear_m5deg.png,chỉ dẫn,Information Signs,I.414d,,19
F:\25-26 kì 2\chuyên đề thầy Thành\TrafficSignsProject\dataset_aug\Information Signs\I.415\1.png,chỉ dẫn,Information Signs,I.415,,20
F:\25-26 kì 2\chuyên đề thầy Thành\TrafficSignsProject\dataset_aug\Information Signs\I.415\1_shear_5deg.png,chỉ dẫn,Information Signs,I.415,,20
F:\25-26 kì 2\chuyên đề thầy Thành\TrafficSignsProject\dataset_aug\Information Signs\I.415\1_shear_m5deg.png,chỉ dẫn,Information Signs,I.415,,20
F:\25-26 kì 2\chuyên đề thầy Thành\TrafficSignsProject\dataset_aug\Information Signs\I.416\1.png,chỉ dẫn,Information Signs,I.416,,21
F:\25-26 kì 2\chuyên đề thầy Thành\TrafficSignsProject\dataset_aug\Information Signs\I.416\1_shear_5deg.png,chỉ dẫn,Information Signs,I.416,,21
F:\25-26 kì 2\chuyên đề thầy Thành\TrafficSignsProject\dataset_aug\Information Signs\I.416\1_shear_m5deg.png,chỉ dẫn,Information Signs,I.416,,21
F:\25-26 kì 2\chuyên đề thầy Thành\TrafficSignsProject\dataset_aug\Information Signs\I.417a\1.png,chỉ dẫn,Information Signs,I.417a,,22
F:\25-26 kì 2\chuyên đề thầy Thành\TrafficSignsProject\dataset_aug\Information Signs\I.417a\1_shear_5deg.png,chỉ dẫn,Information Signs,I.417a,,22
F:\25-26 kì 2\chuyên đề thầy Thành\TrafficSignsProject\dataset_aug\Information Signs\I.417a\1_shear_m5deg.png,chỉ dẫn,Information Signs,I.417a,,22
F:\25-26 kì 2\chuyên đề thầy Thành\TrafficSignsProject\dataset_aug\Information Signs\I.417b\1.png,chỉ dẫn,Information Signs,I.417b,,23
F:\25-26 kì 2\chuyên đề thầy Thành\TrafficSignsProject\dataset_aug\Information Signs\I.417b\1_shear_5deg.png,chỉ dẫn,Information Signs,I.417b,,23
F:\25-26 kì 2\chuyên đề thầy Thành\TrafficSignsProject\dataset_aug\Information Signs\I.417b\1_shear_m5deg.png,chỉ dẫn,Information Signs,I.417b,,23
F:\25-26 kì 2\chuyên đề thầy Thành\TrafficSignsProject\dataset_aug\Information Signs\I.417c\1.png,chỉ dẫn,Information Signs,I.417c,,24
F:\25-26 kì 2\chuyên đề thầy Thành\TrafficSignsProject\dataset_aug\Information Signs\I.417c\1_shear_5deg.png,chỉ dẫn,Information Signs,I.417c,,24
F:\25-26 kì 2\chuyên đề thầy Thành\TrafficSignsProject\dataset_aug\Information Signs\I.417c\1_shear_m5deg.png,chỉ dẫn,Information Signs,I.417c,,24
F:\25-26 kì 2\chuyên đề thầy Thành\TrafficSignsProject\dataset_aug\Information Signs\I.418\1.png,chỉ dẫn,Information Signs,I.418,,25
F:\25-26 kì 2\chuyên đề thầy Thành\TrafficSignsProject\dataset_aug\Information Signs\I.418\1_shear_5deg.png,chỉ dẫn,Information Signs,I.418,,25
F:\25-26 kì 2\chuyên đề thầy Thành\TrafficSignsProject\dataset_aug\Information Signs\I.418\1_shear_m5deg.png,chỉ dẫn,Information Signs,I.418,,25
F:\25-26 kì 2\chuyên đề thầy Thành\TrafficSignsProject\dataset_aug\Information Signs\I.419a\1.png,chỉ dẫn,Information Signs,I.419a,,26
F:\25-26 kì 2\chuyên đề thầy Thành\TrafficSignsProject\dataset_aug\Information Signs\I.419a\1_shear_5deg.png,chỉ dẫn,Information Signs,I.419a,,26
F:\25-26 kì 2\chuyên đề thầy Thành\TrafficSignsProject\dataset_aug\Information Signs\I.419a\1_shear_m5deg.png,chỉ dẫn,Information Signs,I.419a,,26
F:\25-26 kì 2\chuyên đề thầy Thành\TrafficSignsProject\dataset_aug\Information Signs\I.419b\1.png,chỉ dẫn,Information Signs,I.419b,,27
F:\25-26 kì 2\chuyên đề thầy Thành\TrafficSignsProject\dataset_aug\Information Signs\I.419b\1_shear_5deg.png,chỉ dẫn,Information Signs,I.419b,,27
F:\25-26 kì 2\chuyên đề thầy Thành\TrafficSignsProject\dataset_aug\Information Signs\I.419b\1_shear_m5deg.png,chỉ dẫn,Information Signs,I.419b,,27
F:\25-26 kì 2\chuyên đề thầy Thành\TrafficSignsProject\dataset_aug\Information Signs\I.422a\1.png,chỉ dẫn,Information Signs,I.422a,,28
F:\25-26 kì 2\chuyên đề thầy Thành\TrafficSignsProject\dataset_aug\Information Signs\I.422a\1_shear_5deg.png,chỉ dẫn,Information Signs,I.422a,,28
F:\25-26 kì 2\chuyên đề thầy Thành\TrafficSignsProject\dataset_aug\Information Signs\I.422a\1_shear_m5deg.png,chỉ dẫn,Information Signs,I.422a,,28
F:\25-26 kì 2\chuyên đề thầy Thành\TrafficSignsProject\dataset_aug\Information Signs\I.422b\1.png,chỉ dẫn,Information Signs,I.422b,,29
F:\25-26 kì 2\chuyên đề thầy Thành\TrafficSignsProject\dataset_aug\Information Signs\I.422b\1_shear_5deg.png,chỉ dẫn,Information Signs,I.422b,,29
F:\25-26 kì 2\chuyên đề thầy Thành\TrafficSignsProject\dataset_aug\Information Signs\I.422b\1_shear_m5deg.png,chỉ dẫn,Information Signs,I.422b,,29
F:\25-26 kì 2\chuyên đề thầy Thành\TrafficSignsProject\dataset_aug\Information Signs\I.423a\1.png,chỉ dẫn,Information Signs,I.423a,,30
F:\25-26 kì 2\chuyên đề thầy Thành\TrafficSignsProject\dataset_aug\Information Signs\I.423a\1_shear_5deg.png,chỉ dẫn,Information Signs,I.423a,,30
F:\25-26 kì 2\chuyên đề thầy Thành\TrafficSignsProject\dataset_aug\Information Signs\I.423a\1_shear_m5deg.png,chỉ dẫn,Information Signs,I.423a,,30
F:\25-26 kì 2\chuyên đề thầy Thành\TrafficSignsProject\dataset_aug\Information Signs\I.423b\1.png,chỉ dẫn,Information Signs,I.423b,,31
F:\25-26 kì 2\chuyên đề thầy Thành\TrafficSignsProject\dataset_aug\Information Signs\I.423b\1_shear_5deg.png,chỉ dẫn,Information Signs,I.423b,,31
F:\25-26 kì 2\chuyên đề thầy Thành\TrafficSignsProject\dataset_aug\Information Signs\I.423b\1_shear_m5deg.png,chỉ dẫn,Information Signs,I.423b,,31
F:\25-26 kì 2\chuyên đề thầy Thành\TrafficSignsProject\dataset_aug\Information Signs\I.423c\1.png,chỉ dẫn,Information Signs,I.423c,,32
F:\25-26 kì 2\chuyên đề thầy Thành\TrafficSignsProject\dataset_aug\Information Signs\I.423c\1_shear_5deg.png,chỉ dẫn,Information Signs,I.423c,,32
F:\25-26 kì 2\chuyên đề thầy Thành\TrafficSignsProject\dataset_aug\Information Signs\I.423c\1_shear_m5deg.png,chỉ dẫn,Information Signs,I.423c,,32
F:\25-26 kì 2\chuyên đề thầy Thành\TrafficSignsProject\dataset_aug\Information Signs\I.424a\1.png,chỉ dẫn,Information Signs,I.424a,,33
F:\25-26 kì 2\chuyên đề thầy Thành\TrafficSignsProject\dataset_aug\Information Signs\I.424a\1_shear_5deg.png,chỉ dẫn,Information Signs,I.424a,,33
F:\25-26 kì 2\chuyên đề thầy Thành\TrafficSignsProject\dataset_aug\Information Signs\I.424a\1_shear_m5deg.png,chỉ dẫn,Information Signs,I.424a,,33
F:\25-26 kì 2\chuyên đề thầy Thành\TrafficSignsProject\dataset_aug\Information Signs\I.424b\1.png,chỉ dẫn,Information Signs,I.424b,,34
F:\25-26 kì 2\chuyên đề thầy Thành\TrafficSignsProject\dataset_aug\Information Signs\I.424b\1_shear_5deg.png,chỉ dẫn,Information Signs,I.424b,,34
F:\25-26 kì 2\chuyên đề thầy Thành\TrafficSignsProject\dataset_aug\Information Signs\I.424b\1_shear_m5deg.png,chỉ dẫn,Information Signs,I.424b,,34
F:\25-26 kì 2\chuyên đề thầy Thành\TrafficSignsProject\dataset_aug\Information Signs\I.424c\1.png,chỉ dẫn,Information Signs,I.424c,,35
F:\25-26 kì 2\chuyên đề thầy Thành\TrafficSignsProject\dataset_aug\Information Signs\I.424c\1_shear_5deg.png,chỉ dẫn,Information Signs,I.424c,,35
F:\25-26 kì 2\chuyên đề thầy Thành\TrafficSignsProject\dataset_aug\Information Signs\I.424c\1_shear_m5deg.png,chỉ dẫn,Information Signs,I.424c,,35
F:\25-26 kì 2\chuyên đề thầy Thành\TrafficSignsProject\dataset_aug\Information Signs\I.424d\1.png,chỉ dẫn,Information Signs,I.424d,,36
F:\25-26 kì 2\chuyên đề thầy Thành\TrafficSignsProject\dataset_aug\Information Signs\I.424d\1_shear_5deg.png,chỉ dẫn,Information Signs,I.424d,,36
F:\25-26 kì 2\chuyên đề thầy Thành\TrafficSignsProject\dataset_aug\Information Signs\I.424d\1_shear_m5deg.png,chỉ dẫn,Information Signs,I.424d,,36
F:\25-26 kì 2\chuyên đề thầy Thành\TrafficSignsProject\dataset_aug\Information Signs\I.425\1.png,chỉ dẫn,Information Signs,I.425,,37
F:\25-26 kì 2\chuyên đề thầy Thành\TrafficSignsProject\dataset_aug\Information Signs\I.425\1_shear_5deg.png,chỉ dẫn,Information Signs,I.425,,37
F:\25-26 kì 2\chuyên đề thầy Thành\TrafficSignsProject\dataset_aug\Information Signs\I.425\1_shear_m5deg.png,chỉ dẫn,Information Signs,I.425,,37
F:\25-26 kì 2\chuyên đề thầy Thành\TrafficSignsProject\dataset_aug\Information Signs\I.426\1.png,chỉ dẫn,Information Signs,I.426,,38
F:\25-26 kì 2\chuyên đề thầy Thành\TrafficSignsProject\dataset_aug\Information Signs\I.426\1_shear_5deg.png,chỉ dẫn,Information Signs,I.426,,38
F:\25-26 kì 2\chuyên đề thầy Thành\TrafficSignsProject\dataset_aug\Information Signs\I.426\1_shear_m5deg.png,chỉ dẫn,Information Signs,I.426,,38
F:\25-26 kì 2\chuyên đề thầy Thành\TrafficSignsProject\dataset_aug\Information Signs\I.427a\1.png,chỉ dẫn,Information Signs,I.427a,,39
F:\25-26 kì 2\chuyên đề thầy Thành\TrafficSignsProject\dataset_aug\Information Signs\I.427a\1_shear_5deg.png,chỉ dẫn,Information Signs,I.427a,,39
F:\25-26 kì 2\chuyên đề thầy Thành\TrafficSignsProject\dataset_aug\Information Signs\I.427a\1_shear_m5deg.png,chỉ dẫn,Information Signs,I.427a,,39
F:\25-26 kì 2\chuyên đề thầy Thành\TrafficSignsProject\dataset_aug\Information Signs\I.427b\1.png,chỉ dẫn,Information Signs,I.427b,,40
F:\25-26 kì 2\chuyên đề thầy Thành\TrafficSignsProject\dataset_aug\Information Signs\I.427b\1_shear_5deg.png,chỉ dẫn,Information Signs,I.427b,,40
F:\25-26 kì 2\chuyên đề thầy Thành\TrafficSignsProject\dataset_aug\Information Signs\I.427b\1_shear_m5deg.png,chỉ dẫn,Information Signs,I.427b,,40
F:\25-26 kì 2\chuyên đề thầy Thành\TrafficSignsProject\dataset_aug\Information Signs\I.428a\1.png,chỉ dẫn,Information Signs,I.428a,,41
F:\25-26 kì 2\chuyên đề thầy Thành\TrafficSignsProject\dataset_aug\Information Signs\I.428a\1_shear_5deg.png,chỉ dẫn,Information Signs,I.428a,,41
F:\25-26 kì 2\chuyên đề thầy Thành\TrafficSignsProject\dataset_aug\Information Signs\I.428a\1_shear_m5deg.png,chỉ dẫn,Information Signs,I.428a,,41
F:\25-26 kì 2\chuyên đề thầy Thành\TrafficSignsProject\dataset_aug\Information Signs\I.429\1.png,chỉ dẫn,Information Signs,I.429,,44
F:\25-26 kì 2\chuyên đề thầy Thành\TrafficSignsProject\dataset_aug\Information Signs\I.429\1_shear_5deg.png,chỉ dẫn,Information Signs,I.429,,44
F:\25-26 kì 2\chuyên đề thầy Thành\TrafficSignsProject\dataset_aug\Information Signs\I.429\1_shear_m5deg.png,chỉ dẫn,Information Signs,I.429,,44
F:\25-26 kì 2\chuyên đề thầy Thành\TrafficSignsProject\dataset_aug\Information Signs\I.430\1.png,chỉ dẫn,Information Signs,I.430,,45
F:\25-26 kì 2\chuyên đề thầy Thành\TrafficSignsProject\dataset_aug\Information Signs\I.430\1_shear_5deg.png,chỉ dẫn,Information Signs,I.430,,45
F:\25-26 kì 2\chuyên đề thầy Thành\TrafficSignsProject\dataset_aug\Information Signs\I.430\1_shear_m5deg.png,chỉ dẫn,Information Signs,I.430,,45
F:\25-26 kì 2\chuyên đề thầy Thành\TrafficSignsProject\dataset_aug\Information Signs\I.431\1.png,chỉ dẫn,Information Signs,I.431,,46
F:\25-26 kì 2\chuyên đề thầy Thành\TrafficSignsProject\dataset_aug\Information Signs\I.431\1_shear_5deg.png,chỉ dẫn,Information Signs,I.431,,46
F:\25-26 kì 2\chuyên đề thầy Thành\TrafficSignsProject\dataset_aug\Information Signs\I.431\1_shear_m5deg.png,chỉ dẫn,Information Signs,I.431,,46
F:\25-26 kì 2\chuyên đề thầy Thành\TrafficSignsProject\dataset_aug\Information Signs\I.432\1.png,chỉ dẫn,Information Signs,I.432,,47
F:\25-26 kì 2\chuyên đề thầy Thành\TrafficSignsProject\dataset_aug\Information Signs\I.432\1_shear_5deg.png,chỉ dẫn,Information Signs,I.432,,47
F:\25-26 kì 2\chuyên đề thầy Thành\TrafficSignsProject\dataset_aug\Information Signs\I.432\1_shear_m5deg.png,chỉ dẫn,Information Signs,I.432,,47
F:\25-26 kì 2\chuyên đề thầy Thành\TrafficSignsProject\dataset_aug\Information Signs\I.433a\1.png,chỉ dẫn,Information Signs,I.433a,,48
F:\25-26 kì 2\chuyên đề thầy Thành\TrafficSignsProject\dataset_aug\Information Signs\I.433a\1_shear_5deg.png,chỉ dẫn,Information Signs,I.433a,,48
F:\25-26 kì 2\chuyên đề thầy Thành\TrafficSignsProject\dataset_aug\Information Signs\I.433a\1_shear_m5deg.png,chỉ dẫn,Information Signs,I.433a,,48
F:\25-26 kì 2\chuyên đề thầy Thành\TrafficSignsProject\dataset_aug\Information Signs\I.433b\1.png,chỉ dẫn,Information Signs,I.433b,,49
F:\25-26 kì 2\chuyên đề thầy Thành\TrafficSignsProject\dataset_aug\Information Signs\I.433b\1_shear_5deg.png,chỉ dẫn,Information Signs,I.433b,,49
F:\25-26 kì 2\chuyên đề thầy Thành\TrafficSignsProject\dataset_aug\Information Signs\I.433b\1_shear_m5deg.png,chỉ dẫn,Information Signs,I.433b,,49
F:\25-26 kì 2\chuyên đề thầy Thành\TrafficSignsProject\dataset_aug\Information Signs\I.433c\1.png,chỉ dẫn,Information Signs,I.433c,,50
F:\25-26 kì 2\chuyên đề thầy Thành\TrafficSignsProject\dataset_aug\Information Signs\I.433c\1_shear_5deg.png,chỉ dẫn,Information Signs,I.433c,,50
F:\25-26 kì 2\chuyên đề thầy Thành\TrafficSignsProject\dataset_aug\Information Signs\I.433c\1_shear_m5deg.png,chỉ dẫn,Information Signs,I.433c,,50
F:\25-26 kì 2\chuyên đề thầy Thành\TrafficSignsProject\dataset_aug\Information Signs\I.433d\1.png,chỉ dẫn,Information Signs,I.433d,,51
F:\25-26 kì 2\chuyên đề thầy Thành\TrafficSignsProject\dataset_aug\Information Signs\I.433d\1_shear_5deg.png,chỉ dẫn,Information Signs,I.433d,,51
F:\25-26 kì 2\chuyên đề thầy Thành\TrafficSignsProject\dataset_aug\Information Signs\I.433d\1_shear_m5deg.png,chỉ dẫn,Information Signs,I.433d,,51
F:\25-26 kì 2\chuyên đề thầy Thành\TrafficSignsProject\dataset_aug\Information Signs\I.433e\1.png,chỉ dẫn,Information Signs,I.433e,,52
F:\25-26 kì 2\chuyên đề thầy Thành\TrafficSignsProject\dataset_aug\Information Signs\I.433e\1_shear_5deg.png,chỉ dẫn,Information Signs,I.433e,,52
F:\25-26 kì 2\chuyên đề thầy Thành\TrafficSignsProject\dataset_aug\Information Signs\I.433e\1_shear_m5deg.png,chỉ dẫn,Information Signs,I.433e,,52
F:\25-26 kì 2\chuyên đề thầy Thành\TrafficSignsProject\dataset_aug\Information Signs\I.434a\1.png,chỉ dẫn,Information Signs,I.434a,,53
F:\25-26 kì 2\chuyên đề thầy Thành\TrafficSignsProject\dataset_aug\Information Signs\I.434a\1_shear_5deg.png,chỉ dẫn,Information Signs,I.434a,,53
F:\25-26 kì 2\chuyên đề thầy Thành\TrafficSignsProject\dataset_aug\Information Signs\I.434a\1_shear_m5deg.png,chỉ dẫn,Information Signs,I.434a,,53
F:\25-26 kì 2\chuyên đề thầy Thành\TrafficSignsProject\dataset_aug\Information Signs\I.434b\1.png,chỉ dẫn,Information Signs,I.434b,,54
F:\25-26 kì 2\chuyên đề thầy Thành\TrafficSignsProject\dataset_aug\Information Signs\I.434b\1_shear_5deg.png,chỉ dẫn,Information Signs,I.434b,,54
F:\25-26 kì 2\chuyên đề thầy Thành\TrafficSignsProject\dataset_aug\Information Signs\I.434b\1_shear_m5deg.png,chỉ dẫn,Information Signs,I.434b,,54
F:\25-26 kì 2\chuyên đề thầy Thành\TrafficSignsProject\dataset_aug\Information Signs\I.435\1.png,chỉ dẫn,Information Signs,I.435,,55
F:\25-26 kì 2\chuyên đề thầy Thành\TrafficSignsProject\dataset_aug\Information Signs\I.435\1_shear_5deg.png,chỉ dẫn,Information Signs,I.435,,55
F:\25-26 kì 2\chuyên đề thầy Thành\TrafficSignsProject\dataset_aug\Information Signs\I.435\1_shear_m5deg.png,chỉ dẫn,Information Signs,I.435,,55
F:\25-26 kì 2\chuyên đề thầy Thành\TrafficSignsProject\dataset_aug\Information Signs\I.436\1.png,chỉ dẫn,Information Signs,I.436,,56
F:\25-26 kì 2\chuyên đề thầy Thành\TrafficSignsProject\dataset_aug\Information Signs\I.436\1_shear_5deg.png,chỉ dẫn,Information Signs,I.436,,56
F:\25-26 kì 2\chuyên đề thầy Thành\TrafficSignsProject\dataset_aug\Information Signs\I.436\1_shear_m5deg.png,chỉ dẫn,Information Signs,I.436,,56
F:\25-26 kì 2\chuyên đề thầy Thành\TrafficSignsProject\dataset_aug\Information Signs\I.437\1.png,chỉ dẫn,Information Signs,I.437,,57
F:\25-26 kì 2\chuyên đề thầy Thành\TrafficSignsProject\dataset_aug\Information Signs\I.437\1_shear_5deg.png,chỉ dẫn,Information Signs,I.437,,57
F:\25-26 kì 2\chuyên đề thầy Thành\TrafficSignsProject\dataset_aug\Information Signs\I.437\1_shear_m5deg.png,chỉ dẫn,Information Signs,I.437,,57
F:\25-26 kì 2\chuyên đề thầy Thành\TrafficSignsProject\dataset_aug\Information Signs\I.439\1.png,chỉ dẫn,Information Signs,I.439,,58
F:\25-26 kì 2\chuyên đề thầy Thành\TrafficSignsProject\dataset_aug\Information Signs\I.439\1_shear_5deg.png,chỉ dẫn,Information Signs,I.439,,58
F:\25-26 kì 2\chuyên đề thầy Thành\TrafficSignsProject\dataset_aug\Information Signs\I.439\1_shear_m5deg.png,chỉ dẫn,Information Signs,I.439,,58
F:\25-26 kì 2\chuyên đề thầy Thành\TrafficSignsProject\dataset_aug\Information Signs\I.440\1.png,chỉ dẫn,Information Signs,I.440,,59
F:\25-26 kì 2\chuyên đề thầy Thành\TrafficSignsProject\dataset_aug\Information Signs\I.440\1_shear_5deg.png,chỉ dẫn,Information Signs,I.440,,59
F:\25-26 kì 2\chuyên đề thầy Thành\TrafficSignsProject\dataset_aug\Information Signs\I.440\1_shear_m5deg.png,chỉ dẫn,Information Signs,I.440,,59
F:\25-26 kì 2\chuyên đề thầy Thành\TrafficSignsProject\dataset_aug\Information Signs\I.441a\1.png,chỉ dẫn,Information Signs,I.441a,,60
F:\25-26 kì 2\chuyên đề thầy Thành\TrafficSignsProject\dataset_aug\Information Signs\I.441a\1_shear_5deg.png,chỉ dẫn,Information Signs,I.441a,,60
F:\25-26 kì 2\chuyên đề thầy Thành\TrafficSignsProject\dataset_aug\Information Signs\I.441a\1_shear_m5deg.png,chỉ dẫn,Information Signs,I.441a,,60
F:\25-26 kì 2\chuyên đề thầy Thành\TrafficSignsProject\dataset_aug\Information Signs\I.441b\1.png,chỉ dẫn,Information Signs,I.441b,,61
F:\25-26 kì 2\chuyên đề thầy Thành\TrafficSignsProject\dataset_aug\Information Signs\I.441b\1_shear_5deg.png,chỉ dẫn,Information Signs,I.441b,,61
F:\25-26 kì 2\chuyên đề thầy Thành\TrafficSignsProject\dataset_aug\Information Signs\I.441b\1_shear_m5deg.png,chỉ dẫn,Information Signs,I.441b,,61
F:\25-26 kì 2\chuyên đề thầy Thành\TrafficSignsProject\dataset_aug\Information Signs\I.441c\1.png,chỉ dẫn,Information Signs,I.441c,,62
F:\25-26 kì 2\chuyên đề thầy Thành\TrafficSignsProject\dataset_aug\Information Signs\I.441c\1_shear_5deg.png,chỉ dẫn,Information Signs,I.441c,,62
F:\25-26 kì 2\chuyên đề thầy Thành\TrafficSignsProject\dataset_aug\Information Signs\I.441c\1_shear_m5deg.png,chỉ dẫn,Information Signs,I.441c,,62
F:\25-26 kì 2\chuyên đề thầy Thành\TrafficSignsProject\dataset_aug\Information Signs\I.442\1.png,chỉ dẫn,Information Signs,I.442,,63
F:\25-26 kì 2\chuyên đề thầy Thành\TrafficSignsProject\dataset_aug\Information Signs\I.442\1_shear_5deg.png,chỉ dẫn,Information Signs,I.442,,63
F:\25-26 kì 2\chuyên đề thầy Thành\TrafficSignsProject\dataset_aug\Information Signs\I.442\1_shear_m5deg.png,chỉ dẫn,Information Signs,I.442,,63
F:\25-26 kì 2\chuyên đề thầy Thành\TrafficSignsProject\dataset_aug\Information Signs\I.443\1.png,chỉ dẫn,Information Signs,I.443,,64
F:\25-26 kì 2\chuyên đề thầy Thành\TrafficSignsProject\dataset_aug\Information Signs\I.443\1_shear_5deg.png,chỉ dẫn,Information Signs,I.443,,64
F:\25-26 kì 2\chuyên đề thầy Thành\TrafficSignsProject\dataset_aug\Information Signs\I.443\1_shear_m5deg.png,chỉ dẫn,Information Signs,I.443,,64
F:\25-26 kì 2\chuyên đề thầy Thành\TrafficSignsProject\dataset_aug\Information Signs\I.444a\1.png,chỉ dẫn,Information Signs,I.444a,,65
F:\25-26 kì 2\chuyên đề thầy Thành\TrafficSignsProject\dataset_aug\Information Signs\I.444a\1_shear_5deg.png,chỉ dẫn,Information Signs,I.444a,,65
F:\25-26 kì 2\chuyên đề thầy Thành\TrafficSignsProject\dataset_aug\Information Signs\I.444a\1_shear_m5deg.png,chỉ dẫn,Information Signs,I.444a,,65
F:\25-26 kì 2\chuyên đề thầy Thành\TrafficSignsProject\dataset_aug\Information Signs\I.444b\1.png,chỉ dẫn,Information Signs,I.444b,,66
F:\25-26 kì 2\chuyên đề thầy Thành\TrafficSignsProject\dataset_aug\Information Signs\I.444b\1_shear_5deg.png,chỉ dẫn,Information Signs,I.444b,,66
F:\25-26 kì 2\chuyên đề thầy Thành\TrafficSignsProject\dataset_aug\Information Signs\I.444b\1_shear_m5deg.png,chỉ dẫn,Information Signs,I.444b,,66
F:\25-26 kì 2\chuyên đề thầy Thành\TrafficSignsProject\dataset_aug\Information Signs\I.444c\1.png,chỉ dẫn,Information Signs,I.444c,,67
F:\25-26 kì 2\chuyên đề thầy Thành\TrafficSignsProject\dataset_aug\Information Signs\I.444c\1_shear_5deg.png,chỉ dẫn,Information Signs,I.444c,,67
F:\25-26 kì 2\chuyên đề thầy Thành\TrafficSignsProject\dataset_aug\Information Signs\I.444c\1_shear_m5deg.png,chỉ dẫn,Information Signs,I.444c,,67
F:\25-26 kì 2\chuyên đề thầy Thành\TrafficSignsProject\dataset_aug\Information Signs\I.444d\1.png,chỉ dẫn,Information Signs,I.444d,,68
F:\25-26 kì 2\chuyên đề thầy Thành\TrafficSignsProject\dataset_aug\Information Signs\I.444d\1_shear_5deg.png,chỉ dẫn,Information Signs,I.444d,,68
F:\25-26 kì 2\chuyên đề thầy Thành\TrafficSignsProject\dataset_aug\Information Signs\I.444d\1_shear_m5deg.png,chỉ dẫn,Information Signs,I.444d,,68
F:\25-26 kì 2\chuyên đề thầy Thành\TrafficSignsProject\dataset_aug\Information Signs\I.444e\1.png,chỉ dẫn,Information Signs,I.444e,,69
F:\25-26 kì 2\chuyên đề thầy Thành\TrafficSignsProject\dataset_aug\Information Signs\I.444e\1_shear_5deg.png,chỉ dẫn,Information Signs,I.444e,,69
F:\25-26 kì 2\chuyên đề thầy Thành\TrafficSignsProject\dataset_aug\Information Signs\I.444e\1_shear_m5deg.png,chỉ dẫn,Information Signs,I.444e,,69
F:\25-26 kì 2\chuyên đề thầy Thành\TrafficSignsProject\dataset_aug\Information Signs\I.444f\1.png,chỉ dẫn,Information Signs,I.444f,,70
F:\25-26 kì 2\chuyên đề thầy Thành\TrafficSignsProject\dataset_aug\Information Signs\I.444f\1_shear_5deg.png,chỉ dẫn,Information Signs,I.444f,,70
F:\25-26 kì 2\chuyên đề thầy Thành\TrafficSignsProject\dataset_aug\Information Signs\I.444f\1_shear_m5deg.png,chỉ dẫn,Information Signs,I.444f,,70
F:\25-26 kì 2\chuyên đề thầy Thành\TrafficSignsProject\dataset_aug\Information Signs\I.444g\1.png,chỉ dẫn,Information Signs,I.444g,,71
F:\25-26 kì 2\chuyên đề thầy Thành\TrafficSignsProject\dataset_aug\Information Signs\I.444g\1_shear_5deg.png,chỉ dẫn,Information Signs,I.444g,,71
F:\25-26 kì 2\chuyên đề thầy Thành\TrafficSignsProject\dataset_aug\Information Signs\I.444g\1_shear_m5deg.png,chỉ dẫn,Information Signs,I.444g,,71
F:\25-26 kì 2\chuyên đề thầy Thành\TrafficSignsProject\dataset_aug\Information Signs\I.444h\1.png,chỉ dẫn,Information Signs,I.444h,,72
F:\25-26 kì 2\chuyên đề thầy Thành\TrafficSignsProject\dataset_aug\Information Signs\I.444h\1_shear_5deg.png,chỉ dẫn,Information Signs,I.444h,,72
F:\25-26 kì 2\chuyên đề thầy Thành\TrafficSignsProject\dataset_aug\Information Signs\I.444h\1_shear_m5deg.png,chỉ dẫn,Information Signs,I.444h,,72
F:\25-26 kì 2\chuyên đề thầy Thành\TrafficSignsProject\dataset_aug\Information Signs\I.444i\1.png,chỉ dẫn,Information Signs,I.444i,,73
F:\25-26 kì 2\chuyên đề thầy Thành\TrafficSignsProject\dataset_aug\Information Signs\I.444i\1_shear_5deg.png,chỉ dẫn,Information Signs,I.444i,,73
F:\25-26 kì 2\chuyên đề thầy Thành\TrafficSignsProject\dataset_aug\Information Signs\I.444i\1_shear_m5deg.png,chỉ dẫn,Information Signs,I.444i,,73
F:\25-26 kì 2\chuyên đề thầy Thành\TrafficSignsProject\dataset_aug\Information Signs\I.444j\1.png,chỉ dẫn,Information Signs,I.444j,,74
F:\25-26 kì 2\chuyên đề thầy Thành\TrafficSignsProject\dataset_aug\Information Signs\I.444j\1_shear_5deg.png,chỉ dẫn,Information Signs,I.444j,,74
F:\25-26 kì 2\chuyên đề thầy Thành\TrafficSignsProject\dataset_aug\Information Signs\I.444j\1_shear_m5deg.png,chỉ dẫn,Information Signs,I.444j,,74
F:\25-26 kì 2\chuyên đề thầy Thành\TrafficSignsProject\dataset_aug\Information Signs\I.444k\1.png,chỉ dẫn,Information Signs,I.444k,,75
F:\25-26 kì 2\chuyên đề thầy Thành\TrafficSignsProject\dataset_aug\Information Signs\I.444k\1_shear_5deg.png,chỉ dẫn,Information Signs,I.444k,,75
F:\25-26 kì 2\chuyên đề thầy Thành\TrafficSignsProject\dataset_aug\Information Signs\I.444k\1_shear_m5deg.png,chỉ dẫn,Information Signs,I.444k,,75
F:\25-26 kì 2\chuyên đề thầy Thành\TrafficSignsProject\dataset_aug\Information Signs\I.444l\1.png,chỉ dẫn,Information Signs,I.444l,,76
F:\25-26 kì 2\chuyên đề thầy Thành\TrafficSignsProject\dataset_aug\Information Signs\I.444l\1_shear_5deg.png,chỉ dẫn,Information Signs,I.444l,,76
F:\25-26 kì 2\chuyên đề thầy Thành\TrafficSignsProject\dataset_aug\Information Signs\I.444l\1_shear_m5deg.png,chỉ dẫn,Information Signs,I.444l,,76
F:\25-26 kì 2\chuyên đề thầy Thành\TrafficSignsProject\dataset_aug\Information Signs\I.444m\1.png,chỉ dẫn,Information Signs,I.444m,,77
F:\25-26 kì 2\chuyên đề thầy Thành\TrafficSignsProject\dataset_aug\Information Signs\I.444m\1_shear_5deg.png,chỉ dẫn,Information Signs,I.444m,,77
F:\25-26 kì 2\chuyên đề thầy Thành\TrafficSignsProject\dataset_aug\Information Signs\I.444m\1_shear_m5deg.png,chỉ dẫn,Information Signs,I.444m,,77
F:\25-26 kì 2\chuyên đề thầy Thành\TrafficSignsProject\dataset_aug\Information Signs\I.445a\1.png,chỉ dẫn,Information Signs,I.445a,,78
F:\25-26 kì 2\chuyên đề thầy Thành\TrafficSignsProject\dataset_aug\Information Signs\I.445a\1_shear_5deg.png,chỉ dẫn,Information Signs,I.445a,,78
F:\25-26 kì 2\chuyên đề thầy Thành\TrafficSignsProject\dataset_aug\Information Signs\I.445a\1_shear_m5deg.png,chỉ dẫn,Information Signs,I.445a,,78
F:\25-26 kì 2\chuyên đề thầy Thành\TrafficSignsProject\dataset_aug\Information Signs\I.445b\1.png,chỉ dẫn,Information Signs,I.445b,,79
F:\25-26 kì 2\chuyên đề thầy Thành\TrafficSignsProject\dataset_aug\Information Signs\I.445b\1_shear_5deg.png,chỉ dẫn,Information Signs,I.445b,,79
F:\25-26 kì 2\chuyên đề thầy Thành\TrafficSignsProject\dataset_aug\Information Signs\I.445b\1_shear_m5deg.png,chỉ dẫn,Information Signs,I.445b,,79
F:\25-26 kì 2\chuyên đề thầy Thành\TrafficSignsProject\dataset_aug\Information Signs\I.445c\1.png,chỉ dẫn,Information Signs,I.445c,,80
F:\25-26 kì 2\chuyên đề thầy Thành\TrafficSignsProject\dataset_aug\Information Signs\I.445c\1_shear_5deg.png,chỉ dẫn,Information Signs,I.445c,,80
F:\25-26 kì 2\chuyên đề thầy Thành\TrafficSignsProject\dataset_aug\Information Signs\I.445c\1_shear_m5deg.png,chỉ dẫn,Information Signs,I.445c,,80
F:\25-26 kì 2\chuyên đề thầy Thành\TrafficSignsProject\dataset_aug\Information Signs\I.445d\1.png,chỉ dẫn,Information Signs,I.445d,,81
F:\25-26 kì 2\chuyên đề thầy Thành\TrafficSignsProject\dataset_aug\Information Signs\I.445d\1_shear_5deg.png,chỉ dẫn,Information Signs,I.445d,,81
F:\25-26 kì 2\chuyên đề thầy Thành\TrafficSignsProject\dataset_aug\Information Signs\I.445d\1_shear_m5deg.png,chỉ dẫn,Information Signs,I.445d,,81
F:\25-26 kì 2\chuyên đề thầy Thành\TrafficSignsProject\dataset_aug\Information Signs\I.445e\1.png,chỉ dẫn,Information Signs,I.445e,,82
F:\25-26 kì 2\chuyên đề thầy Thành\TrafficSignsProject\dataset_aug\Information Signs\I.445e\1_shear_5deg.png,chỉ dẫn,Information Signs,I.445e,,82
F:\25-26 kì 2\chuyên đề thầy Thành\TrafficSignsProject\dataset_aug\Information Signs\I.445e\1_shear_m5deg.png,chỉ dẫn,Information Signs,I.445e,,82
F:\25-26 kì 2\chuyên đề thầy Thành\TrafficSignsProject\dataset_aug\Information Signs\I.445f\1.png,chỉ dẫn,Information Signs,I.445f,,83
F:\25-26 kì 2\chuyên đề thầy Thành\TrafficSignsProject\dataset_aug\Information Signs\I.445f\1_shear_5deg.png,chỉ dẫn,Information Signs,I.445f,,83
F:\25-26 kì 2\chuyên đề thầy Thành\TrafficSignsProject\dataset_aug\Information Signs\I.445f\1_shear_m5deg.png,chỉ dẫn,Information Signs,I.445f,,83
F:\25-26 kì 2\chuyên đề thầy Thành\TrafficSignsProject\dataset_aug\Information Signs\I.445g\1.png,chỉ dẫn,Information Signs,I.445g,,84
F:\25-26 kì 2\chuyên đề thầy Thành\TrafficSignsProject\dataset_aug\Information Signs\I.445g\1_shear_5deg.png,chỉ dẫn,Information Signs,I.445g,,84
F:\25-26 kì 2\chuyên đề thầy Thành\TrafficSignsProject\dataset_aug\Information Signs\I.445g\1_shear_m5deg.png,chỉ dẫn,Information Signs,I.445g,,84
F:\25-26 kì 2\chuyên đề thầy Thành\TrafficSignsProject\dataset_aug\Information Signs\I.445h\1.png,chỉ dẫn,Information Signs,I.445h,,85
F:\25-26 kì 2\chuyên đề thầy Thành\TrafficSignsProject\dataset_aug\Information Signs\I.445h\1_shear_5deg.png,chỉ dẫn,Information Signs,I.445h,,85
F:\25-26 kì 2\chuyên đề thầy Thành\TrafficSignsProject\dataset_aug\Information Signs\I.445h\1_shear_m5deg.png,chỉ dẫn,Information Signs,I.445h,,85
F:\25-26 kì 2\chuyên đề thầy Thành\TrafficSignsProject\dataset_aug\Information Signs\I.446\1.png,chỉ dẫn,Information Signs,I.446,,86
F:\25-26 kì 2\chuyên đề thầy Thành\TrafficSignsProject\dataset_aug\Information Signs\I.446\1_shear_5deg.png,chỉ dẫn,Information Signs,I.446,,86
F:\25-26 kì 2\chuyên đề thầy Thành\TrafficSignsProject\dataset_aug\Information Signs\I.446\1_shear_m5deg.png,chỉ dẫn,Information Signs,I.446,,86
F:\25-26 kì 2\chuyên đề thầy Thành\TrafficSignsProject\dataset_aug\Information Signs\I.447a\1.png,chỉ dẫn,Information Signs,I.447a,,87
F:\25-26 kì 2\chuyên đề thầy Thành\TrafficSignsProject\dataset_aug\Information Signs\I.447a\1_shear_5deg.png,chỉ dẫn,Information Signs,I.447a,,87
F:\25-26 kì 2\chuyên đề thầy Thành\TrafficSignsProject\dataset_aug\Information Signs\I.447a\1_shear_m5deg.png,chỉ dẫn,Information Signs,I.447a,,87
F:\25-26 kì 2\chuyên đề thầy Thành\TrafficSignsProject\dataset_aug\Information Signs\I.447b\1.png,chỉ dẫn,Information Signs,I.447b,,88
F:\25-26 kì 2\chuyên đề thầy Thành\TrafficSignsProject\dataset_aug\Information Signs\I.447b\1_shear_5deg.png,chỉ dẫn,Information Signs,I.447b,,88
F:\25-26 kì 2\chuyên đề thầy Thành\TrafficSignsProject\dataset_aug\Information Signs\I.447b\1_shear_m5deg.png,chỉ dẫn,Information Signs,I.447b,,88
F:\25-26 kì 2\chuyên đề thầy Thành\TrafficSignsProject\dataset_aug\Information Signs\I.447c\1.png,chỉ dẫn,Information Signs,I.447c,,89
F:\25-26 kì 2\chuyên đề thầy Thành\TrafficSignsProject\dataset_aug\Information Signs\I.447c\1_shear_5deg.png,chỉ dẫn,Information Signs,I.447c,,89
F:\25-26 kì 2\chuyên đề thầy Thành\TrafficSignsProject\dataset_aug\Information Signs\I.447c\1_shear_m5deg.png,chỉ dẫn,Information Signs,I.447c,,89
F:\25-26 kì 2\chuyên đề thầy Thành\TrafficSignsProject\dataset_aug\Information Signs\I.447d\1.png,chỉ dẫn,Information Signs,I.447d,,90
F:\25-26 kì 2\chuyên đề thầy Thành\TrafficSignsProject\dataset_aug\Information Signs\I.447d\1_shear_5deg.png,chỉ dẫn,Information Signs,I.447d,,90
F:\25-26 kì 2\chuyên đề thầy Thành\TrafficSignsProject\dataset_aug\Information Signs\I.447d\1_shear_m5deg.png,chỉ dẫn,Information Signs,I.447d,,90
F:\25-26 kì 2\chuyên đề thầy Thành\TrafficSignsProject\dataset_aug\Information Signs\I.448\1.png,chỉ dẫn,Information Signs,I.448,,91
F:\25-26 kì 2\chuyên đề thầy Thành\TrafficSignsProject\dataset_aug\Information Signs\I.448\1_shear_5deg.png,chỉ dẫn,Information Signs,I.448,,91
F:\25-26 kì 2\chuyên đề thầy Thành\TrafficSignsProject\dataset_aug\Information Signs\I.448\1_shear_m5deg.png,chỉ dẫn,Information Signs,I.448,,91
F:\25-26 kì 2\chuyên đề thầy Thành\TrafficSignsProject\dataset_aug\Information Signs\I.449\1.png,chỉ dẫn,Information Signs,I.449,,92
F:\25-26 kì 2\chuyên đề thầy Thành\TrafficSignsProject\dataset_aug\Information Signs\I.449\1_shear_5deg.png,chỉ dẫn,Information Signs,I.449,,92
F:\25-26 kì 2\chuyên đề thầy Thành\TrafficSignsProject\dataset_aug\Information Signs\I.449\1_shear_m5deg.png,chỉ dẫn,Information Signs,I.449,,92
F:\25-26 kì 2\chuyên đề thầy Thành\TrafficSignsProject\dataset_aug\Prohibitory Signs\DP.127a\1.png,cấm,Prohibitory Signs,DP.127a,,149
F:\25-26 kì 2\chuyên đề thầy Thành\TrafficSignsProject\dataset_aug\Prohibitory Signs\DP.127a\1_shear_5deg.png,cấm,Prohibitory Signs,DP.127a,,149
F:\25-26 kì 2\chuyên đề thầy Thành\TrafficSignsProject\dataset_aug\Prohibitory Signs\DP.127a\1_shear_m5deg.png,cấm,Prohibitory Signs,DP.127a,,149
F:\25-26 kì 2\chuyên đề thầy Thành\TrafficSignsProject\dataset_aug\Prohibitory Signs\DP.127b\1.png,cấm,Prohibitory Signs,DP.127b,,150
F:\25-26 kì 2\chuyên đề thầy Thành\TrafficSignsProject\dataset_aug\Prohibitory Signs\DP.127b\1_shear_5deg.png,cấm,Prohibitory Signs,DP.127b,,150
F:\25-26 kì 2\chuyên đề thầy Thành\TrafficSignsProject\dataset_aug\Prohibitory Signs\DP.127b\1_shear_m5deg.png,cấm,Prohibitory Signs,DP.127b,,150
F:\25-26 kì 2\chuyên đề thầy Thành\TrafficSignsProject\dataset_aug\Prohibitory Signs\DP.127c\1.png,cấm,Prohibitory Signs,DP.127c,,151
F:\25-26 kì 2\chuyên đề thầy Thành\TrafficSignsProject\dataset_aug\Prohibitory Signs\DP.127c\1_shear_5deg.png,cấm,Prohibitory Signs,DP.127c,,151
F:\25-26 kì 2\chuyên đề thầy Thành\TrafficSignsProject\dataset_aug\Prohibitory Signs\DP.127c\1_shear_m5deg.png,cấm,Prohibitory Signs,DP.127c,,151
F:\25-26 kì 2\chuyên đề thầy Thành\TrafficSignsProject\dataset_aug\Prohibitory Signs\DP.133\1.png,cấm,Prohibitory Signs,DP.133,,152
F:\25-26 kì 2\chuyên đề thầy Thành\TrafficSignsProject\dataset_aug\Prohibitory Signs\DP.133\1_shear_5deg.png,cấm,Prohibitory Signs,DP.133,,152
F:\25-26 kì 2\chuyên đề thầy Thành\TrafficSignsProject\dataset_aug\Prohibitory Signs\DP.133\1_shear_m5deg.png,cấm,Prohibitory Signs,DP.133,,152
F:\25-26 kì 2\chuyên đề thầy Thành\TrafficSignsProject\dataset_aug\Prohibitory Signs\DP.134\1.png,cấm,Prohibitory Signs,DP.134,,153
F:\25-26 kì 2\chuyên đề thầy Thành\TrafficSignsProject\dataset_aug\Prohibitory Signs\DP.134\1_shear_5deg.png,cấm,Prohibitory Signs,DP.134,,153
F:\25-26 kì 2\chuyên đề thầy Thành\TrafficSignsProject\dataset_aug\Prohibitory Signs\DP.134\1_shear_m5deg.png,cấm,Prohibitory Signs,DP.134,,153
F:\25-26 kì 2\chuyên đề thầy Thành\TrafficSignsProject\dataset_aug\Prohibitory Signs\DP.135\1.png,cấm,Prohibitory Signs,DP.135,,154
F:\25-26 kì 2\chuyên đề thầy Thành\TrafficSignsProject\dataset_aug\Prohibitory Signs\DP.135\1_shear_5deg.png,cấm,Prohibitory Signs,DP.135,,154
F:\25-26 kì 2\chuyên đề thầy Thành\TrafficSignsProject\dataset_aug\Prohibitory Signs\DP.135\1_shear_m5deg.png,cấm,Prohibitory Signs,DP.135,,154
F:\25-26 kì 2\chuyên đề thầy Thành\TrafficSignsProject\dataset_aug\Prohibitory Signs\P.101\1.png,cấm,Prohibitory Signs,P.101,,155
F:\25-26 kì 2\chuyên đề thầy Thành\TrafficSignsProject\dataset_aug\Prohibitory Signs\P.101\1_shear_5deg.png,cấm,Prohibitory Signs,P.101,,155
F:\25-26 kì 2\chuyên đề thầy Thành\TrafficSignsProject\dataset_aug\Prohibitory Signs\P.101\1_shear_m5deg.png,cấm,Prohibitory Signs,P.101,,155
F:\25-26 kì 2\chuyên đề thầy Thành\TrafficSignsProject\dataset_aug\Prohibitory Signs\P.102\1.png,cấm,Prohibitory Signs,P.102,,156
F:\25-26 kì 2\chuyên đề thầy Thành\TrafficSignsProject\dataset_aug\Prohibitory Signs\P.102\1_shear_5deg.png,cấm,Prohibitory Signs,P.102,,156
F:\25-26 kì 2\chuyên đề thầy Thành\TrafficSignsProject\dataset_aug\Prohibitory Signs\P.102\1_shear_m5deg.png,cấm,Prohibitory Signs,P.102,,156
F:\25-26 kì 2\chuyên đề thầy Thành\TrafficSignsProject\dataset_aug\Prohibitory Signs\P.103a\1.png,cấm,Prohibitory Signs,P.103a,,157
F:\25-26 kì 2\chuyên đề thầy Thành\TrafficSignsProject\dataset_aug\Prohibitory Signs\P.103a\1_shear_5deg.png,cấm,Prohibitory Signs,P.103a,,157
F:\25-26 kì 2\chuyên đề thầy Thành\TrafficSignsProject\dataset_aug\Prohibitory Signs\P.103a\1_shear_m5deg.png,cấm,Prohibitory Signs,P.103a,,157
F:\25-26 kì 2\chuyên đề thầy Thành\TrafficSignsProject\dataset_aug\Prohibitory Signs\P.103b\1.png,cấm,Prohibitory Signs,P.103b,,158
F:\25-26 kì 2\chuyên đề thầy Thành\TrafficSignsProject\dataset_aug\Prohibitory Signs\P.103b\1_shear_5deg.png,cấm,Prohibitory Signs,P.103b,,158
F:\25-26 kì 2\chuyên đề thầy Thành\TrafficSignsProject\dataset_aug\Prohibitory Signs\P.103b\1_shear_m5deg.png,cấm,Prohibitory Signs,P.103b,,158
F:\25-26 kì 2\chuyên đề thầy Thành\TrafficSignsProject\dataset_aug\Prohibitory Signs\P.103c\1.png,cấm,Prohibitory Signs,P.103c,,159
F:\25-26 kì 2\chuyên đề thầy Thành\TrafficSignsProject\dataset_aug\Prohibitory Signs\P.103c\1_shear_5deg.png,cấm,Prohibitory Signs,P.103c,,159
F:\25-26 kì 2\chuyên đề thầy Thành\TrafficSignsProject\dataset_aug\Prohibitory Signs\P.103c\1_shear_m5deg.png,cấm,Prohibitory Signs,P.103c,,159
F:\25-26 kì 2\chuyên đề thầy Thành\TrafficSignsProject\dataset_aug\Prohibitory Signs\P.104\1.png,cấm,Prohibitory Signs,P.104,,160
F:\25-26 kì 2\chuyên đề thầy Thành\TrafficSignsProject\dataset_aug\Prohibitory Signs\P.104\1_shear_5deg.png,cấm,Prohibitory Signs,P.104,,160
F:\25-26 kì 2\chuyên đề thầy Thành\TrafficSignsProject\dataset_aug\Prohibitory Signs\P.104\1_shear_m5deg.png,cấm,Prohibitory Signs,P.104,,160
F:\25-26 kì 2\chuyên đề thầy Thành\TrafficSignsProject\dataset_aug\Prohibitory Signs\P.105\1.png,cấm,Prohibitory Signs,P.105,,161
F:\25-26 kì 2\chuyên đề thầy Thành\TrafficSignsProject\dataset_aug\Prohibitory Signs\P.105\1_shear_5deg.png,cấm,Prohibitory Signs,P.105,,161
F:\25-26 kì 2\chuyên đề thầy Thành\TrafficSignsProject\dataset_aug\Prohibitory Signs\P.105\1_shear_m5deg.png,cấm,Prohibitory Signs,P.105,,161
F:\25-26 kì 2\chuyên đề thầy Thành\TrafficSignsProject\dataset_aug\Prohibitory Signs\P.106a\1.png,cấm,Prohibitory Signs,P.106a,,162
F:\25-26 kì 2\chuyên đề thầy Thành\TrafficSignsProject\dataset_aug\Prohibitory Signs\P.106a\1_shear_5deg.png,cấm,Prohibitory Signs,P.106a,,162
F:\25-26 kì 2\chuyên đề thầy Thành\TrafficSignsProject\dataset_aug\Prohibitory Signs\P.106a\1_shear_m5deg.png,cấm,Prohibitory Signs,P.106a,,162
F:\25-26 kì 2\chuyên đề thầy Thành\TrafficSignsProject\dataset_aug\Prohibitory Signs\P.106b\1.png,cấm,Prohibitory Signs,P.106b,,163
F:\25-26 kì 2\chuyên đề thầy Thành\TrafficSignsProject\dataset_aug\Prohibitory Signs\P.106b\1_shear_5deg.png,cấm,Prohibitory Signs,P.106b,,163
F:\25-26 kì 2\chuyên đề thầy Thành\TrafficSignsProject\dataset_aug\Prohibitory Signs\P.106b\1_shear_m5deg.png,cấm,Prohibitory Signs,P.106b,,163
F:\25-26 kì 2\chuyên đề thầy Thành\TrafficSignsProject\dataset_aug\Prohibitory Signs\P.106c\1.png,cấm,Prohibitory Signs,P.106c,,164
F:\25-26 kì 2\chuyên đề thầy Thành\TrafficSignsProject\dataset_aug\Prohibitory Signs\P.106c\1_shear_5deg.png,cấm,Prohibitory Signs,P.106c,,164
F:\25-26 kì 2\chuyên đề thầy Thành\TrafficSignsProject\dataset_aug\Prohibitory Signs\P.106c\1_shear_m5deg.png,cấm,Prohibitory Signs,P.106c,,164
F:\25-26 kì 2\chuyên đề thầy Thành\TrafficSignsProject\dataset_aug\Prohibitory Signs\P.107\1.png,cấm,Prohibitory Signs,P.107,,165
F:\25-26 kì 2\chuyên đề thầy Thành\TrafficSignsProject\dataset_aug\Prohibitory Signs\P.107\1_shear_5deg.png,cấm,Prohibitory Signs,P.107,,165
F:\25-26 kì 2\chuyên đề thầy Thành\TrafficSignsProject\dataset_aug\Prohibitory Signs\P.107\1_shear_m5deg.png,cấm,Prohibitory Signs,P.107,,165
F:\25-26 kì 2\chuyên đề thầy Thành\TrafficSignsProject\dataset_aug\Prohibitory Signs\P.107a\1.png,cấm,Prohibitory Signs,P.107a,,166
F:\25-26 kì 2\chuyên đề thầy Thành\TrafficSignsProject\dataset_aug\Prohibitory Signs\P.107a\1_shear_5deg.png,cấm,Prohibitory Signs,P.107a,,166
F:\25-26 kì 2\chuyên đề thầy Thành\TrafficSignsProject\dataset_aug\Prohibitory Signs\P.107a\1_shear_m5deg.png,cấm,Prohibitory Signs,P.107a,,166
F:\25-26 kì 2\chuyên đề thầy Thành\TrafficSignsProject\dataset_aug\Prohibitory Signs\P.107b\1.png,cấm,Prohibitory Signs,P.107b,,167
F:\25-26 kì 2\chuyên đề thầy Thành\TrafficSignsProject\dataset_aug\Prohibitory Signs\P.107b\1_shear_5deg.png,cấm,Prohibitory Signs,P.107b,,167
F:\25-26 kì 2\chuyên đề thầy Thành\TrafficSignsProject\dataset_aug\Prohibitory Signs\P.107b\1_shear_m5deg.png,cấm,Prohibitory Signs,P.107b,,167
F:\25-26 kì 2\chuyên đề thầy Thành\TrafficSignsProject\dataset_aug\Prohibitory Signs\P.108\1.png,cấm,Prohibitory Signs,P.108,,168
F:\25-26 kì 2\chuyên đề thầy Thành\TrafficSignsProject\dataset_aug\Prohibitory Signs\P.108\1_shear_5deg.png,cấm,Prohibitory Signs,P.108,,168
F:\25-26 kì 2\chuyên đề thầy Thành\TrafficSignsProject\dataset_aug\Prohibitory Signs\P.108\1_shear_m5deg.png,cấm,Prohibitory Signs,P.108,,168
F:\25-26 kì 2\chuyên đề thầy Thành\TrafficSignsProject\dataset_aug\Prohibitory Signs\P.108a\1.png,cấm,Prohibitory Signs,P.108a,,169
F:\25-26 kì 2\chuyên đề thầy Thành\TrafficSignsProject\dataset_aug\Prohibitory Signs\P.108a\1_shear_5deg.png,cấm,Prohibitory Signs,P.108a,,169
F:\25-26 kì 2\chuyên đề thầy Thành\TrafficSignsProject\dataset_aug\Prohibitory Signs\P.108a\1_shear_m5deg.png,cấm,Prohibitory Signs,P.108a,,169
F:\25-26 kì 2\chuyên đề thầy Thành\TrafficSignsProject\dataset_aug\Prohibitory Signs\P.109\1.png,cấm,Prohibitory Signs,P.109,,170
F:\25-26 kì 2\chuyên đề thầy Thành\TrafficSignsProject\dataset_aug\Prohibitory Signs\P.109\1_shear_5deg.png,cấm,Prohibitory Signs,P.109,,170
F:\25-26 kì 2\chuyên đề thầy Thành\TrafficSignsProject\dataset_aug\Prohibitory Signs\P.109\1_shear_m5deg.png,cấm,Prohibitory Signs,P.109,,170
F:\25-26 kì 2\chuyên đề thầy Thành\TrafficSignsProject\dataset_aug\Prohibitory Signs\P.110a\1.png,cấm,Prohibitory Signs,P.110a,,171
F:\25-26 kì 2\chuyên đề thầy Thành\TrafficSignsProject\dataset_aug\Prohibitory Signs\P.110a\1_shear_5deg.png,cấm,Prohibitory Signs,P.110a,,171
F:\25-26 kì 2\chuyên đề thầy Thành\TrafficSignsProject\dataset_aug\Prohibitory Signs\P.110a\1_shear_m5deg.png,cấm,Prohibitory Signs,P.110a,,171
F:\25-26 kì 2\chuyên đề thầy Thành\TrafficSignsProject\dataset_aug\Prohibitory Signs\P.110b\1.png,cấm,Prohibitory Signs,P.110b,,172
F:\25-26 kì 2\chuyên đề thầy Thành\TrafficSignsProject\dataset_aug\Prohibitory Signs\P.110b\1_shear_5deg.png,cấm,Prohibitory Signs,P.110b,,172
F:\25-26 kì 2\chuyên đề thầy Thành\TrafficSignsProject\dataset_aug\Prohibitory Signs\P.110b\1_shear_m5deg.png,cấm,Prohibitory Signs,P.110b,,172
F:\25-26 kì 2\chuyên đề thầy Thành\TrafficSignsProject\dataset_aug\Prohibitory Signs\P.111a\1.png,cấm,Prohibitory Signs,P.111a,,173
F:\25-26 kì 2\chuyên đề thầy Thành\TrafficSignsProject\dataset_aug\Prohibitory Signs\P.111a\1_shear_5deg.png,cấm,Prohibitory Signs,P.111a,,173
F:\25-26 kì 2\chuyên đề thầy Thành\TrafficSignsProject\dataset_aug\Prohibitory Signs\P.111a\1_shear_m5deg.png,cấm,Prohibitory Signs,P.111a,,173
F:\25-26 kì 2\chuyên đề thầy Thành\TrafficSignsProject\dataset_aug\Prohibitory Signs\P.111b\1.png,cấm,Prohibitory Signs,P.111b,,174
F:\25-26 kì 2\chuyên đề thầy Thành\TrafficSignsProject\dataset_aug\Prohibitory Signs\P.111b\1_shear_5deg.png,cấm,Prohibitory Signs,P.111b,,174
F:\25-26 kì 2\chuyên đề thầy Thành\TrafficSignsProject\dataset_aug\Prohibitory Signs\P.111b\1_shear_m5deg.png,cấm,Prohibitory Signs,P.111b,,174
F:\25-26 kì 2\chuyên đề thầy Thành\TrafficSignsProject\dataset_aug\Prohibitory Signs\P.111c\1.png,cấm,Prohibitory Signs,P.111c,,175
F:\25-26 kì 2\chuyên đề thầy Thành\TrafficSignsProject\dataset_aug\Prohibitory Signs\P.111c\1_shear_5deg.png,cấm,Prohibitory Signs,P.111c,,175
F:\25-26 kì 2\chuyên đề thầy Thành\TrafficSignsProject\dataset_aug\Prohibitory Signs\P.111c\1_shear_m5deg.png,cấm,Prohibitory Signs,P.111c,,175
F:\25-26 kì 2\chuyên đề thầy Thành\TrafficSignsProject\dataset_aug\Prohibitory Signs\P.111d\1.png,cấm,Prohibitory Signs,P.111d,,176
F:\25-26 kì 2\chuyên đề thầy Thành\TrafficSignsProject\dataset_aug\Prohibitory Signs\P.111d\1_shear_5deg.png,cấm,Prohibitory Signs,P.111d,,176
F:\25-26 kì 2\chuyên đề thầy Thành\TrafficSignsProject\dataset_aug\Prohibitory Signs\P.111d\1_shear_m5deg.png,cấm,Prohibitory Signs,P.111d,,176
F:\25-26 kì 2\chuyên đề thầy Thành\TrafficSignsProject\dataset_aug\Prohibitory Signs\P.112\1.png,cấm,Prohibitory Signs,P.112,,177
F:\25-26 kì 2\chuyên đề thầy Thành\TrafficSignsProject\dataset_aug\Prohibitory Signs\P.112\1_shear_5deg.png,cấm,Prohibitory Signs,P.112,,177
F:\25-26 kì 2\chuyên đề thầy Thành\TrafficSignsProject\dataset_aug\Prohibitory Signs\P.112\1_shear_m5deg.png,cấm,Prohibitory Signs,P.112,,177
F:\25-26 kì 2\chuyên đề thầy Thành\TrafficSignsProject\dataset_aug\Prohibitory Signs\P.113\1.png,cấm,Prohibitory Signs,P.113,,178
F:\25-26 kì 2\chuyên đề thầy Thành\TrafficSignsProject\dataset_aug\Prohibitory Signs\P.113\1_shear_5deg.png,cấm,Prohibitory Signs,P.113,,178
F:\25-26 kì 2\chuyên đề thầy Thành\TrafficSignsProject\dataset_aug\Prohibitory Signs\P.113\1_shear_m5deg.png,cấm,Prohibitory Signs,P.113,,178
F:\25-26 kì 2\chuyên đề thầy Thành\TrafficSignsProject\dataset_aug\Prohibitory Signs\P.114\1.png,cấm,Prohibitory Signs,P.114,,179
F:\25-26 kì 2\chuyên đề thầy Thành\TrafficSignsProject\dataset_aug\Prohibitory Signs\P.114\1_shear_5deg.png,cấm,Prohibitory Signs,P.114,,179
F:\25-26 kì 2\chuyên đề thầy Thành\TrafficSignsProject\dataset_aug\Prohibitory Signs\P.114\1_shear_m5deg.png,cấm,Prohibitory Signs,P.114,,179
F:\25-26 kì 2\chuyên đề thầy Thành\TrafficSignsProject\dataset_aug\Prohibitory Signs\P.115\1.png,cấm,Prohibitory Signs,P.115,,180
F:\25-26 kì 2\chuyên đề thầy Thành\TrafficSignsProject\dataset_aug\Prohibitory Signs\P.115\1_shear_5deg.png,cấm,Prohibitory Signs,P.115,,180
F:\25-26 kì 2\chuyên đề thầy Thành\TrafficSignsProject\dataset_aug\Prohibitory Signs\P.115\1_shear_m5deg.png,cấm,Prohibitory Signs,P.115,,180
F:\25-26 kì 2\chuyên đề thầy Thành\TrafficSignsProject\dataset_aug\Prohibitory Signs\P.116\1.png,cấm,Prohibitory Signs,P.116,,181
F:\25-26 kì 2\chuyên đề thầy Thành\TrafficSignsProject\dataset_aug\Prohibitory Signs\P.116\1_shear_5deg.png,cấm,Prohibitory Signs,P.116,,181
F:\25-26 kì 2\chuyên đề thầy Thành\TrafficSignsProject\dataset_aug\Prohibitory Signs\P.116\1_shear_m5deg.png,cấm,Prohibitory Signs,P.116,,181
F:\25-26 kì 2\chuyên đề thầy Thành\TrafficSignsProject\dataset_aug\Prohibitory Signs\P.117\1.png,cấm,Prohibitory Signs,P.117,,182
F:\25-26 kì 2\chuyên đề thầy Thành\TrafficSignsProject\dataset_aug\Prohibitory Signs\P.117\1_shear_5deg.png,cấm,Prohibitory Signs,P.117,,182
F:\25-26 kì 2\chuyên đề thầy Thành\TrafficSignsProject\dataset_aug\Prohibitory Signs\P.117\1_shear_m5deg.png,cấm,Prohibitory Signs,P.117,,182
F:\25-26 kì 2\chuyên đề thầy Thành\TrafficSignsProject\dataset_aug\Prohibitory Signs\P.118\1.png,cấm,Prohibitory Signs,P.118,,183
F:\25-26 kì 2\chuyên đề thầy Thành\TrafficSignsProject\dataset_aug\Prohibitory Signs\P.118\1_shear_5deg.png,cấm,Prohibitory Signs,P.118,,183
F:\25-26 kì 2\chuyên đề thầy Thành\TrafficSignsProject\dataset_aug\Prohibitory Signs\P.118\1_shear_m5deg.png,cấm,Prohibitory Signs,P.118,,183
F:\25-26 kì 2\chuyên đề thầy Thành\TrafficSignsProject\dataset_aug\Prohibitory Signs\P.119\1.png,cấm,Prohibitory Signs,P.119,,184
F:\25-26 kì 2\chuyên đề thầy Thành\TrafficSignsProject\dataset_aug\Prohibitory Signs\P.119\1_shear_5deg.png,cấm,Prohibitory Signs,P.119,,184
F:\25-26 kì 2\chuyên đề thầy Thành\TrafficSignsProject\dataset_aug\Prohibitory Signs\P.119\1_shear_m5deg.png,cấm,Prohibitory Signs,P.119,,184
F:\25-26 kì 2\chuyên đề thầy Thành\TrafficSignsProject\dataset_aug\Prohibitory Signs\P.120\1.png,cấm,Prohibitory Signs,P.120,,185
F:\25-26 kì 2\chuyên đề thầy Thành\TrafficSignsProject\dataset_aug\Prohibitory Signs\P.120\1_shear_5deg.png,cấm,Prohibitory Signs,P.120,,185
F:\25-26 kì 2\chuyên đề thầy Thành\TrafficSignsProject\dataset_aug\Prohibitory Signs\P.120\1_shear_m5deg.png,cấm,Prohibitory Signs,P.120,,185
F:\25-26 kì 2\chuyên đề thầy Thành\TrafficSignsProject\dataset_aug\Prohibitory Signs\P.121\1.png,cấm,Prohibitory Signs,P.121,,186
F:\25-26 kì 2\chuyên đề thầy Thành\TrafficSignsProject\dataset_aug\Prohibitory Signs\P.121\1_shear_5deg.png,cấm,Prohibitory Signs,P.121,,186
F:\25-26 kì 2\chuyên đề thầy Thành\TrafficSignsProject\dataset_aug\Prohibitory Signs\P.121\1_shear_m5deg.png,cấm,Prohibitory Signs,P.121,,186
F:\25-26 kì 2\chuyên đề thầy Thành\TrafficSignsProject\dataset_aug\Prohibitory Signs\P.123a\1.png,cấm,Prohibitory Signs,P.123a,,187
F:\25-26 kì 2\chuyên đề thầy Thành\TrafficSignsProject\dataset_aug\Prohibitory Signs\P.123a\1_shear_5deg.png,cấm,Prohibitory Signs,P.123a,,187
F:\25-26 kì 2\chuyên đề thầy Thành\TrafficSignsProject\dataset_aug\Prohibitory Signs\P.123a\1_shear_m5deg.png,cấm,Prohibitory Signs,P.123a,,187
F:\25-26 kì 2\chuyên đề thầy Thành\TrafficSignsProject\dataset_aug\Prohibitory Signs\P.123b\1.png,cấm,Prohibitory Signs,P.123b,,188
F:\25-26 kì 2\chuyên đề thầy Thành\TrafficSignsProject\dataset_aug\Prohibitory Signs\P.123b\1_shear_5deg.png,cấm,Prohibitory Signs,P.123b,,188
F:\25-26 kì 2\chuyên đề thầy Thành\TrafficSignsProject\dataset_aug\Prohibitory Signs\P.123b\1_shear_m5deg.png,cấm,Prohibitory Signs,P.123b,,188
F:\25-26 kì 2\chuyên đề thầy Thành\TrafficSignsProject\dataset_aug\Prohibitory Signs\P.124a1\1.png,cấm,Prohibitory Signs,P.124a1,,189
F:\25-26 kì 2\chuyên đề thầy Thành\TrafficSignsProject\dataset_aug\Prohibitory Signs\P.124a1\1_shear_5deg.png,cấm,Prohibitory Signs,P.124a1,,189
F:\25-26 kì 2\chuyên đề thầy Thành\TrafficSignsProject\dataset_aug\Prohibitory Signs\P.124a1\1_shear_m5deg.png,cấm,Prohibitory Signs,P.124a1,,189
F:\25-26 kì 2\chuyên đề thầy Thành\TrafficSignsProject\dataset_aug\Prohibitory Signs\P.124a2\1.png,cấm,Prohibitory Signs,P.124a2,,190
F:\25-26 kì 2\chuyên đề thầy Thành\TrafficSignsProject\dataset_aug\Prohibitory Signs\P.124a2\1_shear_5deg.png,cấm,Prohibitory Signs,P.124a2,,190
F:\25-26 kì 2\chuyên đề thầy Thành\TrafficSignsProject\dataset_aug\Prohibitory Signs\P.124a2\1_shear_m5deg.png,cấm,Prohibitory Signs,P.124a2,,190
F:\25-26 kì 2\chuyên đề thầy Thành\TrafficSignsProject\dataset_aug\Prohibitory Signs\P.124b1\1.png,cấm,Prohibitory Signs,P.124b1,,191
F:\25-26 kì 2\chuyên đề thầy Thành\TrafficSignsProject\dataset_aug\Prohibitory Signs\P.124b1\1_shear_5deg.png,cấm,Prohibitory Signs,P.124b1,,191
F:\25-26 kì 2\chuyên đề thầy Thành\TrafficSignsProject\dataset_aug\Prohibitory Signs\P.124b1\1_shear_m5deg.png,cấm,Prohibitory Signs,P.124b1,,191
F:\25-26 kì 2\chuyên đề thầy Thành\TrafficSignsProject\dataset_aug\Prohibitory Signs\P.124b2\1.png,cấm,Prohibitory Signs,P.124b2,,192
F:\25-26 kì 2\chuyên đề thầy Thành\TrafficSignsProject\dataset_aug\Prohibitory Signs\P.124b2\1_shear_5deg.png,cấm,Prohibitory Signs,P.124b2,,192
F:\25-26 kì 2\chuyên đề thầy Thành\TrafficSignsProject\dataset_aug\Prohibitory Signs\P.124b2\1_shear_m5deg.png,cấm,Prohibitory Signs,P.124b2,,192
F:\25-26 kì 2\chuyên đề thầy Thành\TrafficSignsProject\dataset_aug\Prohibitory Signs\P.124c\1.png,cấm,Prohibitory Signs,P.124c,,193
F:\25-26 kì 2\chuyên đề thầy Thành\TrafficSignsProject\dataset_aug\Prohibitory Signs\P.124c\1_shear_5deg.png,cấm,Prohibitory Signs,P.124c,,193
F:\25-26 kì 2\chuyên đề thầy Thành\TrafficSignsProject\dataset_aug\Prohibitory Signs\P.124c\1_shear_m5deg.png,cấm,Prohibitory Signs,P.124c,,193
F:\25-26 kì 2\chuyên đề thầy Thành\TrafficSignsProject\dataset_aug\Prohibitory Signs\P.124d\1.png,cấm,Prohibitory Signs,P.124d,,194
F:\25-26 kì 2\chuyên đề thầy Thành\TrafficSignsProject\dataset_aug\Prohibitory Signs\P.124d\1_shear_5deg.png,cấm,Prohibitory Signs,P.124d,,194
F:\25-26 kì 2\chuyên đề thầy Thành\TrafficSignsProject\dataset_aug\Prohibitory Signs\P.124d\1_shear_m5deg.png,cấm,Prohibitory Signs,P.124d,,194
F:\25-26 kì 2\chuyên đề thầy Thành\TrafficSignsProject\dataset_aug\Prohibitory Signs\P.124e\1.png,cấm,Prohibitory Signs,P.124e,,195
F:\25-26 kì 2\chuyên đề thầy Thành\TrafficSignsProject\dataset_aug\Prohibitory Signs\P.124e\1_shear_5deg.png,cấm,Prohibitory Signs,P.124e,,195
F:\25-26 kì 2\chuyên đề thầy Thành\TrafficSignsProject\dataset_aug\Prohibitory Signs\P.124e\1_shear_m5deg.png,cấm,Prohibitory Signs,P.124e,,195
F:\25-26 kì 2\chuyên đề thầy Thành\TrafficSignsProject\dataset_aug\Prohibitory Signs\P.124f\1.png,cấm,Prohibitory Signs,P.124f,,196
F:\25-26 kì 2\chuyên đề thầy Thành\TrafficSignsProject\dataset_aug\Prohibitory Signs\P.124f\1_shear_5deg.png,cấm,Prohibitory Signs,P.124f,,196
F:\25-26 kì 2\chuyên đề thầy Thành\TrafficSignsProject\dataset_aug\Prohibitory Signs\P.124f\1_shear_m5deg.png,cấm,Prohibitory Signs,P.124f,,196
F:\25-26 kì 2\chuyên đề thầy Thành\TrafficSignsProject\dataset_aug\Prohibitory Signs\P.125\1.png,cấm,Prohibitory Signs,P.125,,197
F:\25-26 kì 2\chuyên đề thầy Thành\TrafficSignsProject\dataset_aug\Prohibitory Signs\P.125\1_shear_5deg.png,cấm,Prohibitory Signs,P.125,,197
F:\25-26 kì 2\chuyên đề thầy Thành\TrafficSignsProject\dataset_aug\Prohibitory Signs\P.125\1_shear_m5deg.png,cấm,Prohibitory Signs,P.125,,197
F:\25-26 kì 2\chuyên đề thầy Thành\TrafficSignsProject\dataset_aug\Prohibitory Signs\P.126\1.png,cấm,Prohibitory Signs,P.126,,198
F:\25-26 kì 2\chuyên đề thầy Thành\TrafficSignsProject\dataset_aug\Prohibitory Signs\P.126\1_shear_5deg.png,cấm,Prohibitory Signs,P.126,,198
F:\25-26 kì 2\chuyên đề thầy Thành\TrafficSignsProject\dataset_aug\Prohibitory Signs\P.126\1_shear_m5deg.png,cấm,Prohibitory Signs,P.126,,198
F:\25-26 kì 2\chuyên đề thầy Thành\TrafficSignsProject\dataset_aug\Prohibitory Signs\P.127\1.png,cấm,Prohibitory Signs,P.127,,199
F:\25-26 kì 2\chuyên đề thầy Thành\TrafficSignsProject\dataset_aug\Prohibitory Signs\P.127\1_shear_5deg.png,cấm,Prohibitory Signs,P.127,,199
F:\25-26 kì 2\chuyên đề thầy Thành\TrafficSignsProject\dataset_aug\Prohibitory Signs\P.127\1_shear_m5deg.png,cấm,Prohibitory Signs,P.127,,199
F:\25-26 kì 2\chuyên đề thầy Thành\TrafficSignsProject\dataset_aug\Prohibitory Signs\P.127a\1.png,cấm,Prohibitory Signs,P.127a,,200
F:\25-26 kì 2\chuyên đề thầy Thành\TrafficSignsProject\dataset_aug\Prohibitory Signs\P.127a\1_shear_5deg.png,cấm,Prohibitory Signs,P.127a,,200
F:\25-26 kì 2\chuyên đề thầy Thành\TrafficSignsProject\dataset_aug\Prohibitory Signs\P.127a\1_shear_m5deg.png,cấm,Prohibitory Signs,P.127a,,200
F:\25-26 kì 2\chuyên đề thầy Thành\TrafficSignsProject\dataset_aug\Prohibitory Signs\P.127b\1.png,cấm,Prohibitory Signs,P.127b,,201
F:\25-26 kì 2\chuyên đề thầy Thành\TrafficSignsProject\dataset_aug\Prohibitory Signs\P.127b\1_shear_5deg.png,cấm,Prohibitory Signs,P.127b,,201
F:\25-26 kì 2\chuyên đề thầy Thành\TrafficSignsProject\dataset_aug\Prohibitory Signs\P.127b\1_shear_m5deg.png,cấm,Prohibitory Signs,P.127b,,201
F:\25-26 kì 2\chuyên đề thầy Thành\TrafficSignsProject\dataset_aug\Prohibitory Signs\P.127c\1.png,cấm,Prohibitory Signs,P.127c,,202
F:\25-26 kì 2\chuyên đề thầy Thành\TrafficSignsProject\dataset_aug\Prohibitory Signs\P.127c\1_shear_5deg.png,cấm,Prohibitory Signs,P.127c,,202
F:\25-26 kì 2\chuyên đề thầy Thành\TrafficSignsProject\dataset_aug\Prohibitory Signs\P.127c\1_shear_m5deg.png,cấm,Prohibitory Signs,P.127c,,202
F:\25-26 kì 2\chuyên đề thầy Thành\TrafficSignsProject\dataset_aug\Prohibitory Signs\P.128\1.png,cấm,Prohibitory Signs,P.128,,203
F:\25-26 kì 2\chuyên đề thầy Thành\TrafficSignsProject\dataset_aug\Prohibitory Signs\P.128\1_shear_5deg.png,cấm,Prohibitory Signs,P.128,,203
F:\25-26 kì 2\chuyên đề thầy Thành\TrafficSignsProject\dataset_aug\Prohibitory Signs\P.128\1_shear_m5deg.png,cấm,Prohibitory Signs,P.128,,203
F:\25-26 kì 2\chuyên đề thầy Thành\TrafficSignsProject\dataset_aug\Prohibitory Signs\P.129\1.png,cấm,Prohibitory Signs,P.129,,204
F:\25-26 kì 2\chuyên đề thầy Thành\TrafficSignsProject\dataset_aug\Prohibitory Signs\P.129\1_shear_5deg.png,cấm,Prohibitory Signs,P.129,,204
F:\25-26 kì 2\chuyên đề thầy Thành\TrafficSignsProject\dataset_aug\Prohibitory Signs\P.129\1_shear_m5deg.png,cấm,Prohibitory Signs,P.129,,204
F:\25-26 kì 2\chuyên đề thầy Thành\TrafficSignsProject\dataset_aug\Prohibitory Signs\P.130\1.png,cấm,Prohibitory Signs,P.130,,205
F:\25-26 kì 2\chuyên đề thầy Thành\TrafficSignsProject\dataset_aug\Prohibitory Signs\P.130\1_shear_5deg.png,cấm,Prohibitory Signs,P.130,,205
F:\25-26 kì 2\chuyên đề thầy Thành\TrafficSignsProject\dataset_aug\Prohibitory Signs\P.130\1_shear_m5deg.png,cấm,Prohibitory Signs,P.130,,205
F:\25-26 kì 2\chuyên đề thầy Thành\TrafficSignsProject\dataset_aug\Prohibitory Signs\P.131a\1.png,cấm,Prohibitory Signs,P.131a,,206
F:\25-26 kì 2\chuyên đề thầy Thành\TrafficSignsProject\dataset_aug\Prohibitory Signs\P.131a\1_shear_5deg.png,cấm,Prohibitory Signs,P.131a,,206
F:\25-26 kì 2\chuyên đề thầy Thành\TrafficSignsProject\dataset_aug\Prohibitory Signs\P.131a\1_shear_m5deg.png,cấm,Prohibitory Signs,P.131a,,206
F:\25-26 kì 2\chuyên đề thầy Thành\TrafficSignsProject\dataset_aug\Prohibitory Signs\P.131b\1.png,cấm,Prohibitory Signs,P.131b,,207
F:\25-26 kì 2\chuyên đề thầy Thành\TrafficSignsProject\dataset_aug\Prohibitory Signs\P.131b\1_shear_5deg.png,cấm,Prohibitory Signs,P.131b,,207
F:\25-26 kì 2\chuyên đề thầy Thành\TrafficSignsProject\dataset_aug\Prohibitory Signs\P.131b\1_shear_m5deg.png,cấm,Prohibitory Signs,P.131b,,207
F:\25-26 kì 2\chuyên đề thầy Thành\TrafficSignsProject\dataset_aug\Prohibitory Signs\P.131c\1.png,cấm,Prohibitory Signs,P.131c,,208
F:\25-26 kì 2\chuyên đề thầy Thành\TrafficSignsProject\dataset_aug\Prohibitory Signs\P.131c\1_shear_5deg.png,cấm,Prohibitory Signs,P.131c,,208
F:\25-26 kì 2\chuyên đề thầy Thành\TrafficSignsProject\dataset_aug\Prohibitory Signs\P.131c\1_shear_m5deg.png,cấm,Prohibitory Signs,P.131c,,208
F:\25-26 kì 2\chuyên đề thầy Thành\TrafficSignsProject\dataset_aug\Prohibitory Signs\P.132\1.png,cấm,Prohibitory Signs,P.132,,209
F:\25-26 kì 2\chuyên đề thầy Thành\TrafficSignsProject\dataset_aug\Prohibitory Signs\P.132\1_shear_5deg.png,cấm,Prohibitory Signs,P.132,,209
F:\25-26 kì 2\chuyên đề thầy Thành\TrafficSignsProject\dataset_aug\Prohibitory Signs\P.132\1_shear_m5deg.png,cấm,Prohibitory Signs,P.132,,209
F:\25-26 kì 2\chuyên đề thầy Thành\TrafficSignsProject\dataset_aug\Prohibitory Signs\P.136\1.png,cấm,Prohibitory Signs,P.136,,210
F:\25-26 kì 2\chuyên đề thầy Thành\TrafficSignsProject\dataset_aug\Prohibitory Signs\P.136\1_shear_5deg.png,cấm,Prohibitory Signs,P.136,,210
F:\25-26 kì 2\chuyên đề thầy Thành\TrafficSignsProject\dataset_aug\Prohibitory Signs\P.136\1_shear_m5deg.png,cấm,Prohibitory Signs,P.136,,210
F:\25-26 kì 2\chuyên đề thầy Thành\TrafficSignsProject\dataset_aug\Prohibitory Signs\P.137\1.png,cấm,Prohibitory Signs,P.137,,211
F:\25-26 kì 2\chuyên đề thầy Thành\TrafficSignsProject\dataset_aug\Prohibitory Signs\P.137\1_shear_5deg.png,cấm,Prohibitory Signs,P.137,,211
F:\25-26 kì 2\chuyên đề thầy Thành\TrafficSignsProject\dataset_aug\Prohibitory Signs\P.137\1_shear_m5deg.png,cấm,Prohibitory Signs,P.137,,211
F:\25-26 kì 2\chuyên đề thầy Thành\TrafficSignsProject\dataset_aug\Prohibitory Signs\P.138\1.png,cấm,Prohibitory Signs,P.138,,212
F:\25-26 kì 2\chuyên đề thầy Thành\TrafficSignsProject\dataset_aug\Prohibitory Signs\P.138\1_shear_5deg.png,cấm,Prohibitory Signs,P.138,,212
F:\25-26 kì 2\chuyên đề thầy Thành\TrafficSignsProject\dataset_aug\Prohibitory Signs\P.138\1_shear_m5deg.png,cấm,Prohibitory Signs,P.138,,212
F:\25-26 kì 2\chuyên đề thầy Thành\TrafficSignsProject\dataset_aug\Prohibitory Signs\P.139\1.png,cấm,Prohibitory Signs,P.139,,213
F:\25-26 kì 2\chuyên đề thầy Thành\TrafficSignsProject\dataset_aug\Prohibitory Signs\P.139\1_shear_5deg.png,cấm,Prohibitory Signs,P.139,,213
F:\25-26 kì 2\chuyên đề thầy Thành\TrafficSignsProject\dataset_aug\Prohibitory Signs\P.139\1_shear_m5deg.png,cấm,Prohibitory Signs,P.139,,213
F:\25-26 kì 2\chuyên đề thầy Thành\TrafficSignsProject\dataset_aug\Prohibitory Signs\P.140\1.png,cấm,Prohibitory Signs,P.140,,214
F:\25-26 kì 2\chuyên đề thầy Thành\TrafficSignsProject\dataset_aug\Prohibitory Signs\P.140\1_shear_5deg.png,cấm,Prohibitory Signs,P.140,,214
F:\25-26 kì 2\chuyên đề thầy Thành\TrafficSignsProject\dataset_aug\Prohibitory Signs\P.140\1_shear_m5deg.png,cấm,Prohibitory Signs,P.140,,214
F:\25-26 kì 2\chuyên đề thầy Thành\TrafficSignsProject\dataset_aug\Mandatory Signs\R.122\1.png,hiệu lệnh,Mandatory Signs,R.122,,93
F:\25-26 kì 2\chuyên đề thầy Thành\TrafficSignsProject\dataset_aug\Mandatory Signs\R.122\1_shear_5deg.png,hiệu lệnh,Mandatory Signs,R.122,,93
F:\25-26 kì 2\chuyên đề thầy Thành\TrafficSignsProject\dataset_aug\Mandatory Signs\R.122\1_shear_m5deg.png,hiệu lệnh,Mandatory Signs,R.122,,93
F:\25-26 kì 2\chuyên đề thầy Thành\TrafficSignsProject\dataset_aug\Mandatory Signs\R.301a\1.png,hiệu lệnh,Mandatory Signs,R.301a,,94
F:\25-26 kì 2\chuyên đề thầy Thành\TrafficSignsProject\dataset_aug\Mandatory Signs\R.301a\1_shear_5deg.png,hiệu lệnh,Mandatory Signs,R.301a,,94
F:\25-26 kì 2\chuyên đề thầy Thành\TrafficSignsProject\dataset_aug\Mandatory Signs\R.301a\1_shear_m5deg.png,hiệu lệnh,Mandatory Signs,R.301a,,94
F:\25-26 kì 2\chuyên đề thầy Thành\TrafficSignsProject\dataset_aug\Mandatory Signs\R.301b\1.png,hiệu lệnh,Mandatory Signs,R.301b,,95
F:\25-26 kì 2\chuyên đề thầy Thành\TrafficSignsProject\dataset_aug\Mandatory Signs\R.301b\1_shear_5deg.png,hiệu lệnh,Mandatory Signs,R.301b,,95
F:\25-26 kì 2\chuyên đề thầy Thành\TrafficSignsProject\dataset_aug\Mandatory Signs\R.301b\1_shear_m5deg.png,hiệu lệnh,Mandatory Signs,R.301b,,95
F:\25-26 kì 2\chuyên đề thầy Thành\TrafficSignsProject\dataset_aug\Mandatory Signs\R.301c\1.png,hiệu lệnh,Mandatory Signs,R.301c,,96
F:\25-26 kì 2\chuyên đề thầy Thành\TrafficSignsProject\dataset_aug\Mandatory Signs\R.301c\1_shear_5deg.png,hiệu lệnh,Mandatory Signs,R.301c,,96
F:\25-26 kì 2\chuyên đề thầy Thành\TrafficSignsProject\dataset_aug\Mandatory Signs\R.301c\1_shear_m5deg.png,hiệu lệnh,Mandatory Signs,R.301c,,96
F:\25-26 kì 2\chuyên đề thầy Thành\TrafficSignsProject\dataset_aug\Mandatory Signs\R.301d\1.png,hiệu lệnh,Mandatory Signs,R.301d,,97
F:\25-26 kì 2\chuyên đề thầy Thành\TrafficSignsProject\dataset_aug\Mandatory Signs\R.301d\1_shear_5deg.png,hiệu lệnh,Mandatory Signs,R.301d,,97
F:\25-26 kì 2\chuyên đề thầy Thành\TrafficSignsProject\dataset_aug\Mandatory Signs\R.301d\1_shear_m5deg.png,hiệu lệnh,Mandatory Signs,R.301d,,97
F:\25-26 kì 2\chuyên đề thầy Thành\TrafficSignsProject\dataset_aug\Mandatory Signs\R.301e\1.png,hiệu lệnh,Mandatory Signs,R.301e,,98
F:\25-26 kì 2\chuyên đề thầy Thành\TrafficSignsProject\dataset_aug\Mandatory Signs\R.301e\1_shear_5deg.png,hiệu lệnh,Mandatory Signs,R.301e,,98
F:\25-26 kì 2\chuyên đề thầy Thành\TrafficSignsProject\dataset_aug\Mandatory Signs\R.301e\1_shear_m5deg.png,hiệu lệnh,Mandatory Signs,R.301e,,98
F:\25-26 kì 2\chuyên đề thầy Thành\TrafficSignsProject\dataset_aug\Mandatory Signs\R.301f\1.png,hiệu lệnh,Mandatory Signs,R.301f,,99
F:\25-26 kì 2\chuyên đề thầy Thành\TrafficSignsProject\dataset_aug\Mandatory Signs\R.301f\1_shear_5deg.png,hiệu lệnh,Mandatory Signs,R.301f,,99
F:\25-26 kì 2\chuyên đề thầy Thành\TrafficSignsProject\dataset_aug\Mandatory Signs\R.301f\1_shear_m5deg.png,hiệu lệnh,Mandatory Signs,R.301f,,99
F:\25-26 kì 2\chuyên đề thầy Thành\TrafficSignsProject\dataset_aug\Mandatory Signs\R.301g\1.png,hiệu lệnh,Mandatory Signs,R.301g,,100
F:\25-26 kì 2\chuyên đề thầy Thành\TrafficSignsProject\dataset_aug\Mandatory Signs\R.301g\1_shear_5deg.png,hiệu lệnh,Mandatory Signs,R.301g,,100
F:\25-26 kì 2\chuyên đề thầy Thành\TrafficSignsProject\dataset_aug\Mandatory Signs\R.301g\1_shear_m5deg.png,hiệu lệnh,Mandatory Signs,R.301g,,100
F:\25-26 kì 2\chuyên đề thầy Thành\TrafficSignsProject\dataset_aug\Mandatory Signs\R.301h\1.png,hiệu lệnh,Mandatory Signs,R.301h,,101
F:\25-26 kì 2\chuyên đề thầy Thành\TrafficSignsProject\dataset_aug\Mandatory Signs\R.301h\1_shear_5deg.png,hiệu lệnh,Mandatory Signs,R.301h,,101
F:\25-26 kì 2\chuyên đề thầy Thành\TrafficSignsProject\dataset_aug\Mandatory Signs\R.301h\1_shear_m5deg.png,hiệu lệnh,Mandatory Signs,R.301h,,101
F:\25-26 kì 2\chuyên đề thầy Thành\TrafficSignsProject\dataset_aug\Mandatory Signs\R.302a\1.png,hiệu lệnh,Mandatory Signs,R.302a,,102
F:\25-26 kì 2\chuyên đề thầy Thành\TrafficSignsProject\dataset_aug\Mandatory Signs\R.302a\1_shear_5deg.png,hiệu lệnh,Mandatory Signs,R.302a,,102
F:\25-26 kì 2\chuyên đề thầy Thành\TrafficSignsProject\dataset_aug\Mandatory Signs\R.302a\1_shear_m5deg.png,hiệu lệnh,Mandatory Signs,R.302a,,102
F:\25-26 kì 2\chuyên đề thầy Thành\TrafficSignsProject\dataset_aug\Mandatory Signs\R.302b\1.png,hiệu lệnh,Mandatory Signs,R.302b,,103
F:\25-26 kì 2\chuyên đề thầy Thành\TrafficSignsProject\dataset_aug\Mandatory Signs\R.302b\1_shear_5deg.png,hiệu lệnh,Mandatory Signs,R.302b,,103
F:\25-26 kì 2\chuyên đề thầy Thành\TrafficSignsProject\dataset_aug\Mandatory Signs\R.302b\1_shear_m5deg.png,hiệu lệnh,Mandatory Signs,R.302b,,103
F:\25-26 kì 2\chuyên đề thầy Thành\TrafficSignsProject\dataset_aug\Mandatory Signs\R.302c\1.png,hiệu lệnh,Mandatory Signs,R.302c,,104
F:\25-26 kì 2\chuyên đề thầy Thành\TrafficSignsProject\dataset_aug\Mandatory Signs\R.302c\1_shear_5deg.png,hiệu lệnh,Mandatory Signs,R.302c,,104
F:\25-26 kì 2\chuyên đề thầy Thành\TrafficSignsProject\dataset_aug\Mandatory Signs\R.302c\1_shear_m5deg.png,hiệu lệnh,Mandatory Signs,R.302c,,104
F:\25-26 kì 2\chuyên đề thầy Thành\TrafficSignsProject\dataset_aug\Mandatory Signs\R.303\1.png,hiệu lệnh,Mandatory Signs,R.303,,105
F:\25-26 kì 2\chuyên đề thầy Thành\TrafficSignsProject\dataset_aug\Mandatory Signs\R.303\1_shear_5deg.png,hiệu lệnh,Mandatory Signs,R.303,,105
F:\25-26 kì 2\chuyên đề thầy Thành\TrafficSignsProject\dataset_aug\Mandatory Signs\R.303\1_shear_m5deg.png,hiệu lệnh,Mandatory Signs,R.303,,105
F:\25-26 kì 2\chuyên đề thầy Thành\TrafficSignsProject\dataset_aug\Mandatory Signs\R.304\1.png,hiệu lệnh,Mandatory Signs,R.304,,106
F:\25-26 kì 2\chuyên đề thầy Thành\TrafficSignsProject\dataset_aug\Mandatory Signs\R.304\1_shear_5deg.png,hiệu lệnh,Mandatory Signs,R.304,,106
F:\25-26 kì 2\chuyên đề thầy Thành\TrafficSignsProject\dataset_aug\Mandatory Signs\R.304\1_shear_m5deg.png,hiệu lệnh,Mandatory Signs,R.304,,106
F:\25-26 kì 2\chuyên đề thầy Thành\TrafficSignsProject\dataset_aug\Mandatory Signs\R.305\1.png,hiệu lệnh,Mandatory Signs,R.305,,107
F:\25-26 kì 2\chuyên đề thầy Thành\TrafficSignsProject\dataset_aug\Mandatory Signs\R.305\1_shear_5deg.png,hiệu lệnh,Mandatory Signs,R.305,,107
F:\25-26 kì 2\chuyên đề thầy Thành\TrafficSignsProject\dataset_aug\Mandatory Signs\R.305\1_shear_m5deg.png,hiệu lệnh,Mandatory Signs,R.305,,107
F:\25-26 kì 2\chuyên đề thầy Thành\TrafficSignsProject\dataset_aug\Mandatory Signs\R.306\1.png,hiệu lệnh,Mandatory Signs,R.306,,108
F:\25-26 kì 2\chuyên đề thầy Thành\TrafficSignsProject\dataset_aug\Mandatory Signs\R.306\1_shear_5deg.png,hiệu lệnh,Mandatory Signs,R.306,,108
F:\25-26 kì 2\chuyên đề thầy Thành\TrafficSignsProject\dataset_aug\Mandatory Signs\R.306\1_shear_m5deg.png,hiệu lệnh,Mandatory Signs,R.306,,108
F:\25-26 kì 2\chuyên đề thầy Thành\TrafficSignsProject\dataset_aug\Mandatory Signs\R.307\1.png,hiệu lệnh,Mandatory Signs,R.307,,109
F:\25-26 kì 2\chuyên đề thầy Thành\TrafficSignsProject\dataset_aug\Mandatory Signs\R.307\1_shear_5deg.png,hiệu lệnh,Mandatory Signs,R.307,,109
F:\25-26 kì 2\chuyên đề thầy Thành\TrafficSignsProject\dataset_aug\Mandatory Signs\R.307\1_shear_m5deg.png,hiệu lệnh,Mandatory Signs,R.307,,109
F:\25-26 kì 2\chuyên đề thầy Thành\TrafficSignsProject\dataset_aug\Mandatory Signs\R.308a\1.png,hiệu lệnh,Mandatory Signs,R.308a,,110
F:\25-26 kì 2\chuyên đề thầy Thành\TrafficSignsProject\dataset_aug\Mandatory Signs\R.308a\1_shear_5deg.png,hiệu lệnh,Mandatory Signs,R.308a,,110
F:\25-26 kì 2\chuyên đề thầy Thành\TrafficSignsProject\dataset_aug\Mandatory Signs\R.308a\1_shear_m5deg.png,hiệu lệnh,Mandatory Signs,R.308a,,110
F:\25-26 kì 2\chuyên đề thầy Thành\TrafficSignsProject\dataset_aug\Mandatory Signs\R.308b\1.png,hiệu lệnh,Mandatory Signs,R.308b,,111
F:\25-26 kì 2\chuyên đề thầy Thành\TrafficSignsProject\dataset_aug\Mandatory Signs\R.308b\1_shear_5deg.png,hiệu lệnh,Mandatory Signs,R.308b,,111
F:\25-26 kì 2\chuyên đề thầy Thành\TrafficSignsProject\dataset_aug\Mandatory Signs\R.308b\1_shear_m5deg.png,hiệu lệnh,Mandatory Signs,R.308b,,111
F:\25-26 kì 2\chuyên đề thầy Thành\TrafficSignsProject\dataset_aug\Mandatory Signs\R.309\1.png,hiệu lệnh,Mandatory Signs,R.309,,112
F:\25-26 kì 2\chuyên đề thầy Thành\TrafficSignsProject\dataset_aug\Mandatory Signs\R.309\1_shear_5deg.png,hiệu lệnh,Mandatory Signs,R.309,,112
F:\25-26 kì 2\chuyên đề thầy Thành\TrafficSignsProject\dataset_aug\Mandatory Signs\R.309\1_shear_m5deg.png,hiệu lệnh,Mandatory Signs,R.309,,112
F:\25-26 kì 2\chuyên đề thầy Thành\TrafficSignsProject\dataset_aug\Mandatory Signs\R.310a\1.png,hiệu lệnh,Mandatory Signs,R.310a,,113
F:\25-26 kì 2\chuyên đề thầy Thành\TrafficSignsProject\dataset_aug\Mandatory Signs\R.310a\1_shear_5deg.png,hiệu lệnh,Mandatory Signs,R.310a,,113
F:\25-26 kì 2\chuyên đề thầy Thành\TrafficSignsProject\dataset_aug\Mandatory Signs\R.310a\1_shear_m5deg.png,hiệu lệnh,Mandatory Signs,R.310a,,113
F:\25-26 kì 2\chuyên đề thầy Thành\TrafficSignsProject\dataset_aug\Mandatory Signs\R.310b\1.png,hiệu lệnh,Mandatory Signs,R.310b,,114
F:\25-26 kì 2\chuyên đề thầy Thành\TrafficSignsProject\dataset_aug\Mandatory Signs\R.310b\1_shear_5deg.png,hiệu lệnh,Mandatory Signs,R.310b,,114
F:\25-26 kì 2\chuyên đề thầy Thành\TrafficSignsProject\dataset_aug\Mandatory Signs\R.310b\1_shear_m5deg.png,hiệu lệnh,Mandatory Signs,R.310b,,114
F:\25-26 kì 2\chuyên đề thầy Thành\TrafficSignsProject\dataset_aug\Mandatory Signs\R.310c\1.png,hiệu lệnh,Mandatory Signs,R.310c,,115
F:\25-26 kì 2\chuyên đề thầy Thành\TrafficSignsProject\dataset_aug\Mandatory Signs\R.310c\1_shear_5deg.png,hiệu lệnh,Mandatory Signs,R.310c,,115
F:\25-26 kì 2\chuyên đề thầy Thành\TrafficSignsProject\dataset_aug\Mandatory Signs\R.310c\1_shear_m5deg.png,hiệu lệnh,Mandatory Signs,R.310c,,115
F:\25-26 kì 2\chuyên đề thầy Thành\TrafficSignsProject\dataset_aug\Mandatory Signs\R.403a\1.png,hiệu lệnh,Mandatory Signs,R.403a,,116
F:\25-26 kì 2\chuyên đề thầy Thành\TrafficSignsProject\dataset_aug\Mandatory Signs\R.403a\1_shear_5deg.png,hiệu lệnh,Mandatory Signs,R.403a,,116
F:\25-26 kì 2\chuyên đề thầy Thành\TrafficSignsProject\dataset_aug\Mandatory Signs\R.403a\1_shear_m5deg.png,hiệu lệnh,Mandatory Signs,R.403a,,116
F:\25-26 kì 2\chuyên đề thầy Thành\TrafficSignsProject\dataset_aug\Mandatory Signs\R.403b\1.png,hiệu lệnh,Mandatory Signs,R.403b,,117
F:\25-26 kì 2\chuyên đề thầy Thành\TrafficSignsProject\dataset_aug\Mandatory Signs\R.403b\1_shear_5deg.png,hiệu lệnh,Mandatory Signs,R.403b,,117
F:\25-26 kì 2\chuyên đề thầy Thành\TrafficSignsProject\dataset_aug\Mandatory Signs\R.403b\1_shear_m5deg.png,hiệu lệnh,Mandatory Signs,R.403b,,117
F:\25-26 kì 2\chuyên đề thầy Thành\TrafficSignsProject\dataset_aug\Mandatory Signs\R.403c\1.png,hiệu lệnh,Mandatory Signs,R.403c,,118
F:\25-26 kì 2\chuyên đề thầy Thành\TrafficSignsProject\dataset_aug\Mandatory Signs\R.403c\1_shear_5deg.png,hiệu lệnh,Mandatory Signs,R.403c,,118
F:\25-26 kì 2\chuyên đề thầy Thành\TrafficSignsProject\dataset_aug\Mandatory Signs\R.403c\1_shear_m5deg.png,hiệu lệnh,Mandatory Signs,R.403c,,118
F:\25-26 kì 2\chuyên đề thầy Thành\TrafficSignsProject\dataset_aug\Mandatory Signs\R.403d\1.png,hiệu lệnh,Mandatory Signs,R.403d,,119
F:\25-26 kì 2\chuyên đề thầy Thành\TrafficSignsProject\dataset_aug\Mandatory Signs\R.403d\1_shear_5deg.png,hiệu lệnh,Mandatory Signs,R.403d,,119
F:\25-26 kì 2\chuyên đề thầy Thành\TrafficSignsProject\dataset_aug\Mandatory Signs\R.403d\1_shear_m5deg.png,hiệu lệnh,Mandatory Signs,R.403d,,119
F:\25-26 kì 2\chuyên đề thầy Thành\TrafficSignsProject\dataset_aug\Mandatory Signs\R.403e\1.png,hiệu lệnh,Mandatory Signs,R.403e,,120
F:\25-26 kì 2\chuyên đề thầy Thành\TrafficSignsProject\dataset_aug\Mandatory Signs\R.403e\1_shear_5deg.png,hiệu lệnh,Mandatory Signs,R.403e,,120
F:\25-26 kì 2\chuyên đề thầy Thành\TrafficSignsProject\dataset_aug\Mandatory Signs\R.403e\1_shear_m5deg.png,hiệu lệnh,Mandatory Signs,R.403e,,120
F:\25-26 kì 2\chuyên đề thầy Thành\TrafficSignsProject\dataset_aug\Mandatory Signs\R.403f\1.png,hiệu lệnh,Mandatory Signs,R.403f,,121
F:\25-26 kì 2\chuyên đề thầy Thành\TrafficSignsProject\dataset_aug\Mandatory Signs\R.403f\1_shear_5deg.png,hiệu lệnh,Mandatory Signs,R.403f,,121
F:\25-26 kì 2\chuyên đề thầy Thành\TrafficSignsProject\dataset_aug\Mandatory Signs\R.403f\1_shear_m5deg.png,hiệu lệnh,Mandatory Signs,R.403f,,121
F:\25-26 kì 2\chuyên đề thầy Thành\TrafficSignsProject\dataset_aug\Mandatory Signs\R.403g\1.png,hiệu lệnh,Mandatory Signs,R.403g,,122
F:\25-26 kì 2\chuyên đề thầy Thành\TrafficSignsProject\dataset_aug\Mandatory Signs\R.403g\1_shear_5deg.png,hiệu lệnh,Mandatory Signs,R.403g,,122
F:\25-26 kì 2\chuyên đề thầy Thành\TrafficSignsProject\dataset_aug\Mandatory Signs\R.403g\1_shear_m5deg.png,hiệu lệnh,Mandatory Signs,R.403g,,122
F:\25-26 kì 2\chuyên đề thầy Thành\TrafficSignsProject\dataset_aug\Mandatory Signs\R.403h\1.png,hiệu lệnh,Mandatory Signs,R.403h,,123
F:\25-26 kì 2\chuyên đề thầy Thành\TrafficSignsProject\dataset_aug\Mandatory Signs\R.403h\1_shear_5deg.png,hiệu lệnh,Mandatory Signs,R.403h,,123
F:\25-26 kì 2\chuyên đề thầy Thành\TrafficSignsProject\dataset_aug\Mandatory Signs\R.403h\1_shear_m5deg.png,hiệu lệnh,Mandatory Signs,R.403h,,123
F:\25-26 kì 2\chuyên đề thầy Thành\TrafficSignsProject\dataset_aug\Mandatory Signs\R.403k\1.png,hiệu lệnh,Mandatory Signs,R.403k,,124
F:\25-26 kì 2\chuyên đề thầy Thành\TrafficSignsProject\dataset_aug\Mandatory Signs\R.403k\1_shear_5deg.png,hiệu lệnh,Mandatory Signs,R.403k,,124
F:\25-26 kì 2\chuyên đề thầy Thành\TrafficSignsProject\dataset_aug\Mandatory Signs\R.403k\1_shear_m5deg.png,hiệu lệnh,Mandatory Signs,R.403k,,124
F:\25-26 kì 2\chuyên đề thầy Thành\TrafficSignsProject\dataset_aug\Mandatory Signs\R.404a\1.png,hiệu lệnh,Mandatory Signs,R.404a,,125
F:\25-26 kì 2\chuyên đề thầy Thành\TrafficSignsProject\dataset_aug\Mandatory Signs\R.404a\1_shear_5deg.png,hiệu lệnh,Mandatory Signs,R.404a,,125
F:\25-26 kì 2\chuyên đề thầy Thành\TrafficSignsProject\dataset_aug\Mandatory Signs\R.404a\1_shear_m5deg.png,hiệu lệnh,Mandatory Signs,R.404a,,125
F:\25-26 kì 2\chuyên đề thầy Thành\TrafficSignsProject\dataset_aug\Mandatory Signs\R.404b\1.png,hiệu lệnh,Mandatory Signs,R.404b,,126
F:\25-26 kì 2\chuyên đề thầy Thành\TrafficSignsProject\dataset_aug\Mandatory Signs\R.404b\1_shear_5deg.png,hiệu lệnh,Mandatory Signs,R.404b,,126
F:\25-26 kì 2\chuyên đề thầy Thành\TrafficSignsProject\dataset_aug\Mandatory Signs\R.404b\1_shear_m5deg.png,hiệu lệnh,Mandatory Signs,R.404b,,126
F:\25-26 kì 2\chuyên đề thầy Thành\TrafficSignsProject\dataset_aug\Mandatory Signs\R.404c\1.png,hiệu lệnh,Mandatory Signs,R.404c,,127
F:\25-26 kì 2\chuyên đề thầy Thành\TrafficSignsProject\dataset_aug\Mandatory Signs\R.404c\1_shear_5deg.png,hiệu lệnh,Mandatory Signs,R.404c,,127
F:\25-26 kì 2\chuyên đề thầy Thành\TrafficSignsProject\dataset_aug\Mandatory Signs\R.404c\1_shear_m5deg.png,hiệu lệnh,Mandatory Signs,R.404c,,127
F:\25-26 kì 2\chuyên đề thầy Thành\TrafficSignsProject\dataset_aug\Mandatory Signs\R.404d\1.png,hiệu lệnh,Mandatory Signs,R.404d,,128
F:\25-26 kì 2\chuyên đề thầy Thành\TrafficSignsProject\dataset_aug\Mandatory Signs\R.404d\1_shear_5deg.png,hiệu lệnh,Mandatory Signs,R.404d,,128
F:\25-26 kì 2\chuyên đề thầy Thành\TrafficSignsProject\dataset_aug\Mandatory Signs\R.404d\1_shear_m5deg.png,hiệu lệnh,Mandatory Signs,R.404d,,128
F:\25-26 kì 2\chuyên đề thầy Thành\TrafficSignsProject\dataset_aug\Mandatory Signs\R.404e\1.png,hiệu lệnh,Mandatory Signs,R.404e,,129
F:\25-26 kì 2\chuyên đề thầy Thành\TrafficSignsProject\dataset_aug\Mandatory Signs\R.404e\1_shear_5deg.png,hiệu lệnh,Mandatory Signs,R.404e,,129
F:\25-26 kì 2\chuyên đề thầy Thành\TrafficSignsProject\dataset_aug\Mandatory Signs\R.404e\1_shear_m5deg.png,hiệu lệnh,Mandatory Signs,R.404e,,129
F:\25-26 kì 2\chuyên đề thầy Thành\TrafficSignsProject\dataset_aug\Mandatory Signs\R.404f\1.png,hiệu lệnh,Mandatory Signs,R.404f,,130
F:\25-26 kì 2\chuyên đề thầy Thành\TrafficSignsProject\dataset_aug\Mandatory Signs\R.404f\1_shear_5deg.png,hiệu lệnh,Mandatory Signs,R.404f,,130
F:\25-26 kì 2\chuyên đề thầy Thành\TrafficSignsProject\dataset_aug\Mandatory Signs\R.404f\1_shear_m5deg.png,hiệu lệnh,Mandatory Signs,R.404f,,130
F:\25-26 kì 2\chuyên đề thầy Thành\TrafficSignsProject\dataset_aug\Mandatory Signs\R.404g\1.png,hiệu lệnh,Mandatory Signs,R.404g,,131
F:\25-26 kì 2\chuyên đề thầy Thành\TrafficSignsProject\dataset_aug\Mandatory Signs\R.404g\1_shear_5deg.png,hiệu lệnh,Mandatory Signs,R.404g,,131
F:\25-26 kì 2\chuyên đề thầy Thành\TrafficSignsProject\dataset_aug\Mandatory Signs\R.404g\1_shear_m5deg.png,hiệu lệnh,Mandatory Signs,R.404g,,131
F:\25-26 kì 2\chuyên đề thầy Thành\TrafficSignsProject\dataset_aug\Mandatory Signs\R.404h\1.png,hiệu lệnh,Mandatory Signs,R.404h,,132
F:\25-26 kì 2\chuyên đề thầy Thành\TrafficSignsProject\dataset_aug\Mandatory Signs\R.404h\1_shear_5deg.png,hiệu lệnh,Mandatory Signs,R.404h,,132
F:\25-26 kì 2\chuyên đề thầy Thành\TrafficSignsProject\dataset_aug\Mandatory Signs\R.404h\1_shear_m5deg.png,hiệu lệnh,Mandatory Signs,R.404h,,132
F:\25-26 kì 2\chuyên đề thầy Thành\TrafficSignsProject\dataset_aug\Mandatory Signs\R.404k\1.png,hiệu lệnh,Mandatory Signs,R.404k,,133
F:\25-26 kì 2\chuyên đề thầy Thành\TrafficSignsProject\dataset_aug\Mandatory Signs\R.404k\1_shear_5deg.png,hiệu lệnh,Mandatory Signs,R.404k,,133
F:\25-26 kì 2\chuyên đề thầy Thành\TrafficSignsProject\dataset_aug\Mandatory Signs\R.404k\1_shear_m5deg.png,hiệu lệnh,Mandatory Signs,R.404k,,133
F:\25-26 kì 2\chuyên đề thầy Thành\TrafficSignsProject\dataset_aug\Mandatory Signs\R.411\1.png,hiệu lệnh,Mandatory Signs,R.411,,134
F:\25-26 kì 2\chuyên đề thầy Thành\TrafficSignsProject\dataset_aug\Mandatory Signs\R.411\1_shear_5deg.png,hiệu lệnh,Mandatory Signs,R.411,,134
F:\25-26 kì 2\chuyên đề thầy Thành\TrafficSignsProject\dataset_aug\Mandatory Signs\R.411\1_shear_m5deg.png,hiệu lệnh,Mandatory Signs,R.411,,134
F:\25-26 kì 2\chuyên đề thầy Thành\TrafficSignsProject\dataset_aug\Mandatory Signs\R.415a\1.png,hiệu lệnh,Mandatory Signs,R.415a,,135
F:\25-26 kì 2\chuyên đề thầy Thành\TrafficSignsProject\dataset_aug\Mandatory Signs\R.415a\1_shear_5deg.png,hiệu lệnh,Mandatory Signs,R.415a,,135
F:\25-26 kì 2\chuyên đề thầy Thành\TrafficSignsProject\dataset_aug\Mandatory Signs\R.415a\1_shear_m5deg.png,hiệu lệnh,Mandatory Signs,R.415a,,135
F:\25-26 kì 2\chuyên đề thầy Thành\TrafficSignsProject\dataset_aug\Mandatory Signs\R.415b\1.png,hiệu lệnh,Mandatory Signs,R.415b,,136
F:\25-26 kì 2\chuyên đề thầy Thành\TrafficSignsProject\dataset_aug\Mandatory Signs\R.415b\1_shear_5deg.png,hiệu lệnh,Mandatory Signs,R.415b,,136
F:\25-26 kì 2\chuyên đề thầy Thành\TrafficSignsProject\dataset_aug\Mandatory Signs\R.415b\1_shear_m5deg.png,hiệu lệnh,Mandatory Signs,R.415b,,136
F:\25-26 kì 2\chuyên đề thầy Thành\TrafficSignsProject\dataset_aug\Mandatory Signs\R.420\1.png,hiệu lệnh,Mandatory Signs,R.420,,137
F:\25-26 kì 2\chuyên đề thầy Thành\TrafficSignsProject\dataset_aug\Mandatory Signs\R.420\1_shear_5deg.png,hiệu lệnh,Mandatory Signs,R.420,,137
F:\25-26 kì 2\chuyên đề thầy Thành\TrafficSignsProject\dataset_aug\Mandatory Signs\R.420\1_shear_m5deg.png,hiệu lệnh,Mandatory Signs,R.420,,137
F:\25-26 kì 2\chuyên đề thầy Thành\TrafficSignsProject\dataset_aug\Mandatory Signs\R.421\1.png,hiệu lệnh,Mandatory Signs,R.421,,138
F:\25-26 kì 2\chuyên đề thầy Thành\TrafficSignsProject\dataset_aug\Mandatory Signs\R.421\1_shear_5deg.png,hiệu lệnh,Mandatory Signs,R.421,,138
F:\25-26 kì 2\chuyên đề thầy Thành\TrafficSignsProject\dataset_aug\Mandatory Signs\R.421\1_shear_m5deg.png,hiệu lệnh,Mandatory Signs,R.421,,138
"F:\25-26 kì 2\chuyên đề thầy Thành\TrafficSignsProject\dataset_aug\Mandatory Signs\R.E,10a\1.png",hiệu lệnh,Mandatory Signs,"R.E,10a",,139
"F:\25-26 kì 2\chuyên đề thầy Thành\TrafficSignsProject\dataset_aug\Mandatory Signs\R.E,10a\1_shear_5deg.png",hiệu lệnh,Mandatory Signs,"R.E,10a",,139
"F:\25-26 kì 2\chuyên đề thầy Thành\TrafficSignsProject\dataset_aug\Mandatory Signs\R.E,10a\1_shear_m5deg.png",hiệu lệnh,Mandatory Signs,"R.E,10a",,139
"F:\25-26 kì 2\chuyên đề thầy Thành\TrafficSignsProject\dataset_aug\Mandatory Signs\R.E,10b\1.png",hiệu lệnh,Mandatory Signs,"R.E,10b",,140
"F:\25-26 kì 2\chuyên đề thầy Thành\TrafficSignsProject\dataset_aug\Mandatory Signs\R.E,10b\1_shear_5deg.png",hiệu lệnh,Mandatory Signs,"R.E,10b",,140
"F:\25-26 kì 2\chuyên đề thầy Thành\TrafficSignsProject\dataset_aug\Mandatory Signs\R.E,10b\1_shear_m5deg.png",hiệu lệnh,Mandatory Signs,"R.E,10b",,140
"F:\25-26 kì 2\chuyên đề thầy Thành\TrafficSignsProject\dataset_aug\Mandatory Signs\R.E,10c\1.png",hiệu lệnh,Mandatory Signs,"R.E,10c",,141
"F:\25-26 kì 2\chuyên đề thầy Thành\TrafficSignsProject\dataset_aug\Mandatory Signs\R.E,10c\1_shear_5deg.png",hiệu lệnh,Mandatory Signs,"R.E,10c",,141
"F:\25-26 kì 2\chuyên đề thầy Thành\TrafficSignsProject\dataset_aug\Mandatory Signs\R.E,10c\1_shear_m5deg.png",hiệu lệnh,Mandatory Signs,"R.E,10c",,141
"F:\25-26 kì 2\chuyên đề thầy Thành\TrafficSignsProject\dataset_aug\Mandatory Signs\R.E,10d\1.png",hiệu lệnh,Mandatory Signs,"R.E,10d",,142
"F:\25-26 kì 2\chuyên đề thầy Thành\TrafficSignsProject\dataset_aug\Mandatory Signs\R.E,10d\1_shear_5deg.png",hiệu lệnh,Mandatory Signs,"R.E,10d",,142
"F:\25-26 kì 2\chuyên đề thầy Thành\TrafficSignsProject\dataset_aug\Mandatory Signs\R.E,10d\1_shear_m5deg.png",hiệu lệnh,Mandatory Signs,"R.E,10d",,142
"F:\25-26 kì 2\chuyên đề thầy Thành\TrafficSignsProject\dataset_aug\Mandatory Signs\R.E,11a\1.png",hiệu lệnh,Mandatory Signs,"R.E,11a",,143
"F:\25-26 kì 2\chuyên đề thầy Thành\TrafficSignsProject\dataset_aug\Mandatory Signs\R.E,11a\1_shear_5deg.png",hiệu lệnh,Mandatory Signs,"R.E,11a",,143
"F:\25-26 kì 2\chuyên đề thầy Thành\TrafficSignsProject\dataset_aug\Mandatory Signs\R.E,11a\1_shear_m5deg.png",hiệu lệnh,Mandatory Signs,"R.E,11a",,143
"F:\25-26 kì 2\chuyên đề thầy Thành\TrafficSignsProject\dataset_aug\Mandatory Signs\R.E,11b\1.png",hiệu lệnh,Mandatory Signs,"R.E,11b",,144
"F:\25-26 kì 2\chuyên đề thầy Thành\TrafficSignsProject\dataset_aug\Mandatory Signs\R.E,11b\1_shear_5deg.png",hiệu lệnh,Mandatory Signs,"R.E,11b",,144
"F:\25-26 kì 2\chuyên đề thầy Thành\TrafficSignsProject\dataset_aug\Mandatory Signs\R.E,11b\1_shear_m5deg.png",hiệu lệnh,Mandatory Signs,"R.E,11b",,144
"F:\25-26 kì 2\chuyên đề thầy Thành\TrafficSignsProject\dataset_aug\Mandatory Signs\R.E,9a\1.png",hiệu lệnh,Mandatory Signs,"R.E,9a",,145
"F:\25-26 kì 2\chuyên đề thầy Thành\TrafficSignsProject\dataset_aug\Mandatory Signs\R.E,9a\1_shear_5deg.png",hiệu lệnh,Mandatory Signs,"R.E,9a",,145
"F:\25-26 kì 2\chuyên đề thầy Thành\TrafficSignsProject\dataset_aug\Mandatory Signs\R.E,9a\1_shear_m5deg.png",hiệu lệnh,Mandatory Signs,"R.E,9a",,145
"F:\25-26 kì 2\chuyên đề thầy Thành\TrafficSignsProject\dataset_aug\Mandatory Signs\R.E,9b\1.png",hiệu lệnh,Mandatory Signs,"R.E,9b",,146
"F:\25-26 kì 2\chuyên đề thầy Thành\TrafficSignsProject\dataset_aug\Mandatory Signs\R.E,9b\1_shear_5deg.png",hiệu lệnh,Mandatory Signs,"R.E,9b",,146
"F:\25-26 kì 2\chuyên đề thầy Thành\TrafficSignsProject\dataset_aug\Mandatory Signs\R.E,9b\1_shear_m5deg.png",hiệu lệnh,Mandatory Signs,"R.E,9b",,146
"F:\25-26 kì 2\chuyên đề thầy Thành\TrafficSignsProject\dataset_aug\Mandatory Signs\R.E,9c\1.png",hiệu lệnh,Mandatory Signs,"R.E,9c",,147
"F:\25-26 kì 2\chuyên đề thầy Thành\TrafficSignsProject\dataset_aug\Mandatory Signs\R.E,9c\1_shear_5deg.png",hiệu lệnh,Mandatory Signs,"R.E,9c",,147
"F:\25-26 kì 2\chuyên đề thầy Thành\TrafficSignsProject\dataset_aug\Mandatory Signs\R.E,9c\1_shear_m5deg.png",hiệu lệnh,Mandatory Signs,"R.E,9c",,147
"F:\25-26 kì 2\chuyên đề thầy Thành\TrafficSignsProject\dataset_aug\Mandatory Signs\R.E,9d\1.png",hiệu lệnh,Mandatory Signs,"R.E,9d",,148
"F:\25-26 kì 2\chuyên đề thầy Thành\TrafficSignsProject\dataset_aug\Mandatory Signs\R.E,9d\1_shear_5deg.png",hiệu lệnh,Mandatory Signs,"R.E,9d",,148
"F:\25-26 kì 2\chuyên đề thầy Thành\TrafficSignsProject\dataset_aug\Mandatory Signs\R.E,9d\1_shear_m5deg.png",hiệu lệnh,Mandatory Signs,"R.E,9d",,148
F:\25-26 kì 2\chuyên đề thầy Thành\TrafficSignsProject\dataset_aug\Warning Signs\W.201a\1.png,nguy hiểm,Warning Signs,W.201a,,215
F:\25-26 kì 2\chuyên đề thầy Thành\TrafficSignsProject\dataset_aug\Warning Signs\W.201a\1_shear_5deg.png,nguy hiểm,Warning Signs,W.201a,,215
F:\25-26 kì 2\chuyên đề thầy Thành\TrafficSignsProject\dataset_aug\Warning Signs\W.201a\1_shear_m5deg.png,nguy hiểm,Warning Signs,W.201a,,215
F:\25-26 kì 2\chuyên đề thầy Thành\TrafficSignsProject\dataset_aug\Warning Signs\W.201b\1.png,nguy hiểm,Warning Signs,W.201b,,216
F:\25-26 kì 2\chuyên đề thầy Thành\TrafficSignsProject\dataset_aug\Warning Signs\W.201b\1_shear_5deg.png,nguy hiểm,Warning Signs,W.201b,,216
F:\25-26 kì 2\chuyên đề thầy Thành\TrafficSignsProject\dataset_aug\Warning Signs\W.201b\1_shear_m5deg.png,nguy hiểm,Warning Signs,W.201b,,216
F:\25-26 kì 2\chuyên đề thầy Thành\TrafficSignsProject\dataset_aug\Warning Signs\W.201c\1.png,nguy hiểm,Warning Signs,W.201c,,217
F:\25-26 kì 2\chuyên đề thầy Thành\TrafficSignsProject\dataset_aug\Warning Signs\W.201c\1_shear_5deg.png,nguy hiểm,Warning Signs,W.201c,,217
F:\25-26 kì 2\chuyên đề thầy Thành\TrafficSignsProject\dataset_aug\Warning Signs\W.201c\1_shear_m5deg.png,nguy hiểm,Warning Signs,W.201c,,217
F:\25-26 kì 2\chuyên đề thầy Thành\TrafficSignsProject\dataset_aug\Warning Signs\W.201d\1.png,nguy hiểm,Warning Signs,W.201d,,218
F:\25-26 kì 2\chuyên đề thầy Thành\TrafficSignsProject\dataset_aug\Warning Signs\W.201d\1_shear_5deg.png,nguy hiểm,Warning Signs,W.201d,,218
F:\25-26 kì 2\chuyên đề thầy Thành\TrafficSignsProject\dataset_aug\Warning Signs\W.201d\1_shear_m5deg.png,nguy hiểm,Warning Signs,W.201d,,218
F:\25-26 kì 2\chuyên đề thầy Thành\TrafficSignsProject\dataset_aug\Warning Signs\W.202a\1.png,nguy hiểm,Warning Signs,W.202a,,219
F:\25-26 kì 2\chuyên đề thầy Thành\TrafficSignsProject\dataset_aug\Warning Signs\W.202a\1_shear_5deg.png,nguy hiểm,Warning Signs,W.202a,,219
F:\25-26 kì 2\chuyên đề thầy Thành\TrafficSignsProject\dataset_aug\Warning Signs\W.202a\1_shear_m5deg.png,nguy hiểm,Warning Signs,W.202a,,219
F:\25-26 kì 2\chuyên đề thầy Thành\TrafficSignsProject\dataset_aug\Warning Signs\W.202b\1.png,nguy hiểm,Warning Signs,W.202b,,220
F:\25-26 kì 2\chuyên đề thầy Thành\TrafficSignsProject\dataset_aug\Warning Signs\W.202b\1_shear_5deg.png,nguy hiểm,Warning Signs,W.202b,,220
F:\25-26 kì 2\chuyên đề thầy Thành\TrafficSignsProject\dataset_aug\Warning Signs\W.202b\1_shear_m5deg.png,nguy hiểm,Warning Signs,W.202b,,220
F:\25-26 kì 2\chuyên đề thầy Thành\TrafficSignsProject\dataset_aug\Warning Signs\W.203a\1.png,nguy hiểm,Warning Signs,W.203a,,221
F:\25-26 kì 2\chuyên đề thầy Thành\TrafficSignsProject\dataset_aug\Warning Signs\W.203a\1_shear_5deg.png,nguy hiểm,Warning Signs,W.203a,,221
F:\25-26 kì 2\chuyên đề thầy Thành\TrafficSignsProject\dataset_aug\Warning Signs\W.203a\1_shear_m5deg.png,nguy hiểm,Warning Signs,W.203a,,221
F:\25-26 kì 2\chuyên đề thầy Thành\TrafficSignsProject\dataset_aug\Warning Signs\W.203b\1.png,nguy hiểm,Warning Signs,W.203b,,222
F:\25-26 kì 2\chuyên đề thầy Thành\TrafficSignsProject\dataset_aug\Warning Signs\W.203b\1_shear_5deg.png,nguy hiểm,Warning Signs,W.203b,,222
F:\25-26 kì 2\chuyên đề thầy Thành\TrafficSignsProject\dataset_aug\Warning Signs\W.203b\1_shear_m5deg.png,nguy hiểm,Warning Signs,W.203b,,222
F:\25-26 kì 2\chuyên đề thầy Thành\TrafficSignsProject\dataset_aug\Warning Signs\W.203c\1.png,nguy hiểm,Warning Signs,W.203c,,223
F:\25-26 kì 2\chuyên đề thầy Thành\TrafficSignsProject\dataset_aug\Warning Signs\W.203c\1_shear_5deg.png,nguy hiểm,Warning Signs,W.203c,,223
F:\25-26 kì 2\chuyên đề thầy Thành\TrafficSignsProject\dataset_aug\Warning Signs\W.203c\1_shear_m5deg.png,nguy hiểm,Warning Signs,W.203c,,223
F:\25-26 kì 2\chuyên đề thầy Thành\TrafficSignsProject\dataset_aug\Warning Signs\W.204\1.png,nguy hiểm,Warning Signs,W.204,,224
F:\25-26 kì 2\chuyên đề thầy Thành\TrafficSignsProject\dataset_aug\Warning Signs\W.204\1_shear_5deg.png,nguy hiểm,Warning Signs,W.204,,224
F:\25-26 kì 2\chuyên đề thầy Thành\TrafficSignsProject\dataset_aug\Warning Signs\W.204\1_shear_m5deg.png,nguy hiểm,Warning Signs,W.204,,224
F:\25-26 kì 2\chuyên đề thầy Thành\TrafficSignsProject\dataset_aug\Warning Signs\W.205a\1.png,nguy hiểm,Warning Signs,W.205a,,225
F:\25-26 kì 2\chuyên đề thầy Thành\TrafficSignsProject\dataset_aug\Warning Signs\W.205a\1_shear_5deg.png,nguy hiểm,Warning Signs,W.205a,,225
F:\25-26 kì 2\chuyên đề thầy Thành\TrafficSignsProject\dataset_aug\Warning Signs\W.205a\1_shear_m5deg.png,nguy hiểm,Warning Signs,W.205a,,225
F:\25-26 kì 2\chuyên đề thầy Thành\TrafficSignsProject\dataset_aug\Warning Signs\W.205b\1.png,nguy hiểm,Warning Signs,W.205b,,226
F:\25-26 kì 2\chuyên đề thầy Thành\TrafficSignsProject\dataset_aug\Warning Signs\W.205b\1_shear_5deg.png,nguy hiểm,Warning Signs,W.205b,,226
F:\25-26 kì 2\chuyên đề thầy Thành\TrafficSignsProject\dataset_aug\Warning Signs\W.205b\1_shear_m5deg.png,nguy hiểm,Warning Signs,W.205b,,226
F:\25-26 kì 2\chuyên đề thầy Thành\TrafficSignsProject\dataset_aug\Warning Signs\W.205c\1.png,nguy hiểm,Warning Signs,W.205c,,227
F:\25-26 kì 2\chuyên đề thầy Thành\TrafficSignsProject\dataset_aug\Warning Signs\W.205c\1_shear_5deg.png,nguy hiểm,Warning Signs,W.205c,,227
F:\25-26 kì 2\chuyên đề thầy Thành\TrafficSignsProject\dataset_aug\Warning Signs\W.205c\1_shear_m5deg.png,nguy hiểm,Warning Signs,W.205c,,227
F:\25-26 kì 2\chuyên đề thầy Thành\TrafficSignsProject\dataset_aug\Warning Signs\W.205d\1.png,nguy hiểm,Warning Signs,W.205d,,228
F:\25-26 kì 2\chuyên đề thầy Thành\TrafficSignsProject\dataset_aug\Warning Signs\W.205d\1_shear_5deg.png,nguy hiểm,Warning Signs,W.205d,,228
F:\25-26 kì 2\chuyên đề thầy Thành\TrafficSignsProject\dataset_aug\Warning Signs\W.205d\1_shear_m5deg.png,nguy hiểm,Warning Signs,W.205d,,228
F:\25-26 kì 2\chuyên đề thầy Thành\TrafficSignsProject\dataset_aug\Warning Signs\W.205e\1.png,nguy hiểm,Warning Signs,W.205e,,229
F:\25-26 kì 2\chuyên đề thầy Thành\TrafficSignsProject\dataset_aug\Warning Signs\W.205e\1_shear_5deg.png,nguy hiểm,Warning Signs,W.205e,,229
F:\25-26 kì 2\chuyên đề thầy Thành\TrafficSignsProject\dataset_aug\Warning Signs\W.205e\1_shear_m5deg.png,nguy hiểm,Warning Signs,W.205e,,229
F:\25-26 kì 2\chuyên đề thầy Thành\TrafficSignsProject\dataset_aug\Warning Signs\W.206\1.png,nguy hiểm,Warning Signs,W.206,,230
F:\25-26 kì 2\chuyên đề thầy Thành\TrafficSignsProject\dataset_aug\Warning Signs\W.206\1_shear_5deg.png,nguy hiểm,Warning Signs,W.206,,230
F:\25-26 kì 2\chuyên đề thầy Thành\TrafficSignsProject\dataset_aug\Warning Signs\W.206\1_shear_m5deg.png,nguy hiểm,Warning Signs,W.206,,230
F:\25-26 kì 2\chuyên đề thầy Thành\TrafficSignsProject\dataset_aug\Warning Signs\W.207a\1.png,nguy hiểm,Warning Signs,W.207a,,231
F:\25-26 kì 2\chuyên đề thầy Thành\TrafficSignsProject\dataset_aug\Warning Signs\W.207a\1_shear_5deg.png,nguy hiểm,Warning Signs,W.207a,,231
F:\25-26 kì 2\chuyên đề thầy Thành\TrafficSignsProject\dataset_aug\Warning Signs\W.207a\1_shear_m5deg.png,nguy hiểm,Warning Signs,W.207a,,231
F:\25-26 kì 2\chuyên đề thầy Thành\TrafficSignsProject\dataset_aug\Warning Signs\W.207b\1.png,nguy hiểm,Warning Signs,W.207b,,232
F:\25-26 kì 2\chuyên đề thầy Thành\TrafficSignsProject\dataset_aug\Warning Signs\W.207b\1_shear_5deg.png,nguy hiểm,Warning Signs,W.207b,,232
F:\25-26 kì 2\chuyên đề thầy Thành\TrafficSignsProject\dataset_aug\Warning Signs\W.207b\1_shear_m5deg.png,nguy hiểm,Warning Signs,W.207b,,232
F:\25-26 kì 2\chuyên đề thầy Thành\TrafficSignsProject\dataset_aug\Warning Signs\W.207c\1.png,nguy hiểm,Warning Signs,W.207c,,233
F:\25-26 kì 2\chuyên đề thầy Thành\TrafficSignsProject\dataset_aug\Warning Signs\W.207c\1_shear_5deg.png,nguy hiểm,Warning Signs,W.207c,,233
F:\25-26 kì 2\chuyên đề thầy Thành\TrafficSignsProject\dataset_aug\Warning Signs\W.207c\1_shear_m5deg.png,nguy hiểm,Warning Signs,W.207c,,233
F:\25-26 kì 2\chuyên đề thầy Thành\TrafficSignsProject\dataset_aug\Warning Signs\W.207d\1.png,nguy hiểm,Warning Signs,W.207d,,234
F:\25-26 kì 2\chuyên đề thầy Thành\TrafficSignsProject\dataset_aug\Warning Signs\W.207d\1_shear_5deg.png,nguy hiểm,Warning Signs,W.207d,,234
F:\25-26 kì 2\chuyên đề thầy Thành\TrafficSignsProject\dataset_aug\Warning Signs\W.207d\1_shear_m5deg.png,nguy hiểm,Warning Signs,W.207d,,234
F:\25-26 kì 2\chuyên đề thầy Thành\TrafficSignsProject\dataset_aug\Warning Signs\W.207e\1.png,nguy hiểm,Warning Signs,W.207e,,235
F:\25-26 kì 2\chuyên đề thầy Thành\TrafficSignsProject\dataset_aug\Warning Signs\W.207e\1_shear_5deg.png,nguy hiểm,Warning Signs,W.207e,,235
F:\25-26 kì 2\chuyên đề thầy Thành\TrafficSignsProject\dataset_aug\Warning Signs\W.207e\1_shear_m5deg.png,nguy hiểm,Warning Signs,W.207e,,235
F:\25-26 kì 2\chuyên đề thầy Thành\TrafficSignsProject\dataset_aug\Warning Signs\W.207f\1.png,nguy hiểm,Warning Signs,W.207f,,236
F:\25-26 kì 2\chuyên đề thầy Thành\TrafficSignsProject\dataset_aug\Warning Signs\W.207f\1_shear_5deg.png,nguy hiểm,Warning Signs,W.207f,,236
F:\25-26 kì 2\chuyên đề thầy Thành\TrafficSignsProject\dataset_aug\Warning Signs\W.207f\1_shear_m5deg.png,nguy hiểm,Warning Signs,W.207f,,236
F:\25-26 kì 2\chuyên đề thầy Thành\TrafficSignsProject\dataset_aug\Warning Signs\W.207g\1.png,nguy hiểm,Warning Signs,W.207g,,237
F:\25-26 kì 2\chuyên đề thầy Thành\TrafficSignsProject\dataset_aug\Warning Signs\W.207g\1_shear_5deg.png,nguy hiểm,Warning Signs,W.207g,,237
F:\25-26 kì 2\chuyên đề thầy Thành\TrafficSignsProject\dataset_aug\Warning Signs\W.207g\1_shear_m5deg.png,nguy hiểm,Warning Signs,W.207g,,237
F:\25-26 kì 2\chuyên đề thầy Thành\TrafficSignsProject\dataset_aug\Warning Signs\W.207h\1.png,nguy hiểm,Warning Signs,W.207h,,238
F:\25-26 kì 2\chuyên đề thầy Thành\TrafficSignsProject\dataset_aug\Warning Signs\W.207h\1_shear_5deg.png,nguy hiểm,Warning Signs,W.207h,,238
F:\25-26 kì 2\chuyên đề thầy Thành\TrafficSignsProject\dataset_aug\Warning Signs\W.207h\1_shear_m5deg.png,nguy hiểm,Warning Signs,W.207h,,238
F:\25-26 kì 2\chuyên đề thầy Thành\TrafficSignsProject\dataset_aug\Warning Signs\W.207i\1.png,nguy hiểm,Warning Signs,W.207i,,239
F:\25-26 kì 2\chuyên đề thầy Thành\TrafficSignsProject\dataset_aug\Warning Signs\W.207i\1_shear_5deg.png,nguy hiểm,Warning Signs,W.207i,,239
F:\25-26 kì 2\chuyên đề thầy Thành\TrafficSignsProject\dataset_aug\Warning Signs\W.207i\1_shear_m5deg.png,nguy hiểm,Warning Signs,W.207i,,239
F:\25-26 kì 2\chuyên đề thầy Thành\TrafficSignsProject\dataset_aug\Warning Signs\W.207j\1.png,nguy hiểm,Warning Signs,W.207j,,240
F:\25-26 kì 2\chuyên đề thầy Thành\TrafficSignsProject\dataset_aug\Warning Signs\W.207j\1_shear_5deg.png,nguy hiểm,Warning Signs,W.207j,,240
F:\25-26 kì 2\chuyên đề thầy Thành\TrafficSignsProject\dataset_aug\Warning Signs\W.207j\1_shear_m5deg.png,nguy hiểm,Warning Signs,W.207j,,240
F:\25-26 kì 2\chuyên đề thầy Thành\TrafficSignsProject\dataset_aug\Warning Signs\W.207k\1.png,nguy hiểm,Warning Signs,W.207k,,241
F:\25-26 kì 2\chuyên đề thầy Thành\TrafficSignsProject\dataset_aug\Warning Signs\W.207k\1_shear_5deg.png,nguy hiểm,Warning Signs,W.207k,,241
F:\25-26 kì 2\chuyên đề thầy Thành\TrafficSignsProject\dataset_aug\Warning Signs\W.207k\1_shear_m5deg.png,nguy hiểm,Warning Signs,W.207k,,241
F:\25-26 kì 2\chuyên đề thầy Thành\TrafficSignsProject\dataset_aug\Warning Signs\W.207l\1.png,nguy hiểm,Warning Signs,W.207l,,242
F:\25-26 kì 2\chuyên đề thầy Thành\TrafficSignsProject\dataset_aug\Warning Signs\W.207l\1_shear_5deg.png,nguy hiểm,Warning Signs,W.207l,,242
F:\25-26 kì 2\chuyên đề thầy Thành\TrafficSignsProject\dataset_aug\Warning Signs\W.207l\1_shear_m5deg.png,nguy hiểm,Warning Signs,W.207l,,242
F:\25-26 kì 2\chuyên đề thầy Thành\TrafficSignsProject\dataset_aug\Warning Signs\W.207m\1.png,nguy hiểm,Warning Signs,W.207m,,243
F:\25-26 kì 2\chuyên đề thầy Thành\TrafficSignsProject\dataset_aug\Warning Signs\W.207m\1_shear_5deg.png,nguy hiểm,Warning Signs,W.207m,,243
F:\25-26 kì 2\chuyên đề thầy Thành\TrafficSignsProject\dataset_aug\Warning Signs\W.207m\1_shear_m5deg.png,nguy hiểm,Warning Signs,W.207m,,243
F:\25-26 kì 2\chuyên đề thầy Thành\TrafficSignsProject\dataset_aug\Warning Signs\W.208\1.png,nguy hiểm,Warning Signs,W.208,,244
F:\25-26 kì 2\chuyên đề thầy Thành\TrafficSignsProject\dataset_aug\Warning Signs\W.208\1_shear_5deg.png,nguy hiểm,Warning Signs,W.208,,244
F:\25-26 kì 2\chuyên đề thầy Thành\TrafficSignsProject\dataset_aug\Warning Signs\W.208\1_shear_m5deg.png,nguy hiểm,Warning Signs,W.208,,244
F:\25-26 kì 2\chuyên đề thầy Thành\TrafficSignsProject\dataset_aug\Warning Signs\W.209\1.png,nguy hiểm,Warning Signs,W.209,,245
F:\25-26 kì 2\chuyên đề thầy Thành\TrafficSignsProject\dataset_aug\Warning Signs\W.209\1_shear_5deg.png,nguy hiểm,Warning Signs,W.209,,245
F:\25-26 kì 2\chuyên đề thầy Thành\TrafficSignsProject\dataset_aug\Warning Signs\W.209\1_shear_m5deg.png,nguy hiểm,Warning Signs,W.209,,245
F:\25-26 kì 2\chuyên đề thầy Thành\TrafficSignsProject\dataset_aug\Warning Signs\W.210\1.png,nguy hiểm,Warning Signs,W.210,,246
F:\25-26 kì 2\chuyên đề thầy Thành\TrafficSignsProject\dataset_aug\Warning Signs\W.210\1_shear_5deg.png,nguy hiểm,Warning Signs,W.210,,246
F:\25-26 kì 2\chuyên đề thầy Thành\TrafficSignsProject\dataset_aug\Warning Signs\W.210\1_shear_m5deg.png,nguy hiểm,Warning Signs,W.210,,246
F:\25-26 kì 2\chuyên đề thầy Thành\TrafficSignsProject\dataset_aug\Warning Signs\W.211\1.png,nguy hiểm,Warning Signs,W.211,,247
F:\25-26 kì 2\chuyên đề thầy Thành\TrafficSignsProject\dataset_aug\Warning Signs\W.211\1_shear_5deg.png,nguy hiểm,Warning Signs,W.211,,247
F:\25-26 kì 2\chuyên đề thầy Thành\TrafficSignsProject\dataset_aug\Warning Signs\W.211\1_shear_m5deg.png,nguy hiểm,Warning Signs,W.211,,247
F:\25-26 kì 2\chuyên đề thầy Thành\TrafficSignsProject\dataset_aug\Warning Signs\W.212\1.png,nguy hiểm,Warning Signs,W.212,,248
F:\25-26 kì 2\chuyên đề thầy Thành\TrafficSignsProject\dataset_aug\Warning Signs\W.212\1_shear_5deg.png,nguy hiểm,Warning Signs,W.212,,248
F:\25-26 kì 2\chuyên đề thầy Thành\TrafficSignsProject\dataset_aug\Warning Signs\W.212\1_shear_m5deg.png,nguy hiểm,Warning Signs,W.212,,248
F:\25-26 kì 2\chuyên đề thầy Thành\TrafficSignsProject\dataset_aug\Warning Signs\W.213\1.png,nguy hiểm,Warning Signs,W.213,,249
F:\25-26 kì 2\chuyên đề thầy Thành\TrafficSignsProject\dataset_aug\Warning Signs\W.213\1_shear_5deg.png,nguy hiểm,Warning Signs,W.213,,249
F:\25-26 kì 2\chuyên đề thầy Thành\TrafficSignsProject\dataset_aug\Warning Signs\W.213\1_shear_m5deg.png,nguy hiểm,Warning Signs,W.213,,249
F:\25-26 kì 2\chuyên đề thầy Thành\TrafficSignsProject\dataset_aug\Warning Signs\W.214\1.png,nguy hiểm,Warning Signs,W.214,,250
F:\25-26 kì 2\chuyên đề thầy Thành\TrafficSignsProject\dataset_aug\Warning Signs\W.214\1_shear_5deg.png,nguy hiểm,Warning Signs,W.214,,250
F:\25-26 kì 2\chuyên đề thầy Thành\TrafficSignsProject\dataset_aug\Warning Signs\W.214\1_shear_m5deg.png,nguy hiểm,Warning Signs,W.214,,250
F:\25-26 kì 2\chuyên đề thầy Thành\TrafficSignsProject\dataset_aug\Warning Signs\W.215a\1.png,nguy hiểm,Warning Signs,W.215a,,251
F:\25-26 kì 2\chuyên đề thầy Thành\TrafficSignsProject\dataset_aug\Warning Signs\W.215a\1_shear_5deg.png,nguy hiểm,Warning Signs,W.215a,,251
F:\25-26 kì 2\chuyên đề thầy Thành\TrafficSignsProject\dataset_aug\Warning Signs\W.215a\1_shear_m5deg.png,nguy hiểm,Warning Signs,W.215a,,251
F:\25-26 kì 2\chuyên đề thầy Thành\TrafficSignsProject\dataset_aug\Warning Signs\W.215b\1.png,nguy hiểm,Warning Signs,W.215b,,252
F:\25-26 kì 2\chuyên đề thầy Thành\TrafficSignsProject\dataset_aug\Warning Signs\W.215b\1_shear_5deg.png,nguy hiểm,Warning Signs,W.215b,,252
F:\25-26 kì 2\chuyên đề thầy Thành\TrafficSignsProject\dataset_aug\Warning Signs\W.215b\1_shear_m5deg.png,nguy hiểm,Warning Signs,W.215b,,252
F:\25-26 kì 2\chuyên đề thầy Thành\TrafficSignsProject\dataset_aug\Warning Signs\W.215c\1.png,nguy hiểm,Warning Signs,W.215c,,253
F:\25-26 kì 2\chuyên đề thầy Thành\TrafficSignsProject\dataset_aug\Warning Signs\W.215c\1_shear_5deg.png,nguy hiểm,Warning Signs,W.215c,,253
F:\25-26 kì 2\chuyên đề thầy Thành\TrafficSignsProject\dataset_aug\Warning Signs\W.215c\1_shear_m5deg.png,nguy hiểm,Warning Signs,W.215c,,253
F:\25-26 kì 2\chuyên đề thầy Thành\TrafficSignsProject\dataset_aug\Warning Signs\W.216a\1.png,nguy hiểm,Warning Signs,W.216a,,254
F:\25-26 kì 2\chuyên đề thầy Thành\TrafficSignsProject\dataset_aug\Warning Signs\W.216a\1_shear_5deg.png,nguy hiểm,Warning Signs,W.216a,,254
F:\25-26 kì 2\chuyên đề thầy Thành\TrafficSignsProject\dataset_aug\Warning Signs\W.216a\1_shear_m5deg.png,nguy hiểm,Warning Signs,W.216a,,254
F:\25-26 kì 2\chuyên đề thầy Thành\TrafficSignsProject\dataset_aug\Warning Signs\W.216b\1.png,nguy hiểm,Warning Signs,W.216b,,255
F:\25-26 kì 2\chuyên đề thầy Thành\TrafficSignsProject\dataset_aug\Warning Signs\W.216b\1_shear_5deg.png,nguy hiểm,Warning Signs,W.216b,,255
F:\25-26 kì 2\chuyên đề thầy Thành\TrafficSignsProject\dataset_aug\Warning Signs\W.216b\1_shear_m5deg.png,nguy hiểm,Warning Signs,W.216b,,255
F:\25-26 kì 2\chuyên đề thầy Thành\TrafficSignsProject\dataset_aug\Warning Signs\W.217\1.png,nguy hiểm,Warning Signs,W.217,,256
F:\25-26 kì 2\chuyên đề thầy Thành\TrafficSignsProject\dataset_aug\Warning Signs\W.217\1_shear_5deg.png,nguy hiểm,Warning Signs,W.217,,256
F:\25-26 kì 2\chuyên đề thầy Thành\TrafficSignsProject\dataset_aug\Warning Signs\W.217\1_shear_m5deg.png,nguy hiểm,Warning Signs,W.217,,256
F:\25-26 kì 2\chuyên đề thầy Thành\TrafficSignsProject\dataset_aug\Warning Signs\W.218\1.png,nguy hiểm,Warning Signs,W.218,,257
F:\25-26 kì 2\chuyên đề thầy Thành\TrafficSignsProject\dataset_aug\Warning Signs\W.218\1_shear_5deg.png,nguy hiểm,Warning Signs,W.218,,257
F:\25-26 kì 2\chuyên đề thầy Thành\TrafficSignsProject\dataset_aug\Warning Signs\W.218\1_shear_m5deg.png,nguy hiểm,Warning Signs,W.218,,257
F:\25-26 kì 2\chuyên đề thầy Thành\TrafficSignsProject\dataset_aug\Warning Signs\W.219\1.png,nguy hiểm,Warning Signs,W.219,,258
F:\25-26 kì 2\chuyên đề thầy Thành\TrafficSignsProject\dataset_aug\Warning Signs\W.219\1_shear_5deg.png,nguy hiểm,Warning Signs,W.219,,258
F:\25-26 kì 2\chuyên đề thầy Thành\TrafficSignsProject\dataset_aug\Warning Signs\W.219\1_shear_m5deg.png,nguy hiểm,Warning Signs,W.219,,258
F:\25-26 kì 2\chuyên đề thầy Thành\TrafficSignsProject\dataset_aug\Warning Signs\W.220\1.png,nguy hiểm,Warning Signs,W.220,,259
F:\25-26 kì 2\chuyên đề thầy Thành\TrafficSignsProject\dataset_aug\Warning Signs\W.220\1_shear_5deg.png,nguy hiểm,Warning Signs,W.220,,259
F:\25-26 kì 2\chuyên đề thầy Thành\TrafficSignsProject\dataset_aug\Warning Signs\W.220\1_shear_m5deg.png,nguy hiểm,Warning Signs,W.220,,259
F:\25-26 kì 2\chuyên đề thầy Thành\TrafficSignsProject\dataset_aug\Warning Signs\W.221a\1.png,nguy hiểm,Warning Signs,W.221a,,260
F:\25-26 kì 2\chuyên đề thầy Thành\TrafficSignsProject\dataset_aug\Warning Signs\W.221a\1_shear_5deg.png,nguy hiểm,Warning Signs,W.221a,,260
F:\25-26 kì 2\chuyên đề thầy Thành\TrafficSignsProject\dataset_aug\Warning Signs\W.221a\1_shear_m5deg.png,nguy hiểm,Warning Signs,W.221a,,260
F:\25-26 kì 2\chuyên đề thầy Thành\TrafficSignsProject\dataset_aug\Warning Signs\W.221b\1.png,nguy hiểm,Warning Signs,W.221b,,261
F:\25-26 kì 2\chuyên đề thầy Thành\TrafficSignsProject\dataset_aug\Warning Signs\W.221b\1_shear_5deg.png,nguy hiểm,Warning Signs,W.221b,,261
F:\25-26 kì 2\chuyên đề thầy Thành\TrafficSignsProject\dataset_aug\Warning Signs\W.221b\1_shear_m5deg.png,nguy hiểm,Warning Signs,W.221b,,261
F:\25-26 kì 2\chuyên đề thầy Thành\TrafficSignsProject\dataset_aug\Warning Signs\W.222a\1.png,nguy hiểm,Warning Signs,W.222a,,262
F:\25-26 kì 2\chuyên đề thầy Thành\TrafficSignsProject\dataset_aug\Warning Signs\W.222a\1_shear_5deg.png,nguy hiểm,Warning Signs,W.222a,,262
F:\25-26 kì 2\chuyên đề thầy Thành\TrafficSignsProject\dataset_aug\Warning Signs\W.222a\1_shear_m5deg.png,nguy hiểm,Warning Signs,W.222a,,262
F:\25-26 kì 2\chuyên đề thầy Thành\TrafficSignsProject\dataset_aug\Warning Signs\W.222b\1.png,nguy hiểm,Warning Signs,W.222b,,263
F:\25-26 kì 2\chuyên đề thầy Thành\TrafficSignsProject\dataset_aug\Warning Signs\W.222b\1_shear_5deg.png,nguy hiểm,Warning Signs,W.222b,,263
F:\25-26 kì 2\chuyên đề thầy Thành\TrafficSignsProject\dataset_aug\Warning Signs\W.222b\1_shear_m5deg.png,nguy hiểm,Warning Signs,W.222b,,263
F:\25-26 kì 2\chuyên đề thầy Thành\TrafficSignsProject\dataset_aug\Warning Signs\W.223a\1.png,nguy hiểm,Warning Signs,W.223a,,264
F:\25-26 kì 2\chuyên đề thầy Thành\TrafficSignsProject\dataset_aug\Warning Signs\W.223a\1_shear_5deg.png,nguy hiểm,Warning Signs,W.223a,,264
F:\25-26 kì 2\chuyên đề thầy Thành\TrafficSignsProject\dataset_aug\Warning Signs\W.223a\1_shear_m5deg.png,nguy hiểm,Warning Signs,W.223a,,264
F:\25-26 kì 2\chuyên đề thầy Thành\TrafficSignsProject\dataset_aug\Warning Signs\W.223b\1.png,nguy hiểm,Warning Signs,W.223b,,265
F:\25-26 kì 2\chuyên đề thầy Thành\TrafficSignsProject\dataset_aug\Warning Signs\W.223b\1_shear_5deg.png,nguy hiểm,Warning Signs,W.223b,,265
F:\25-26 kì 2\chuyên đề thầy Thành\TrafficSignsProject\dataset_aug\Warning Signs\W.223b\1_shear_m5deg.png,nguy hiểm,Warning Signs,W.223b,,265
F:\25-26 kì 2\chuyên đề thầy Thành\TrafficSignsProject\dataset_aug\Warning Signs\W.224\1.png,nguy hiểm,Warning Signs,W.224,,266
F:\25-26 kì 2\chuyên đề thầy Thành\TrafficSignsProject\dataset_aug\Warning Signs\W.224\1_shear_5deg.png,nguy hiểm,Warning Signs,W.224,,266
F:\25-26 kì 2\chuyên đề thầy Thành\TrafficSignsProject\dataset_aug\Warning Signs\W.224\1_shear_m5deg.png,nguy hiểm,Warning Signs,W.224,,266
F:\25-26 kì 2\chuyên đề thầy Thành\TrafficSignsProject\dataset_aug\Warning Signs\W.225\1.png,nguy hiểm,Warning Signs,W.225,,267
F:\25-26 kì 2\chuyên đề thầy Thành\TrafficSignsProject\dataset_aug\Warning Signs\W.225\1_shear_5deg.png,nguy hiểm,Warning Signs,W.225,,267
F:\25-26 kì 2\chuyên đề thầy Thành\TrafficSignsProject\dataset_aug\Warning Signs\W.225\1_shear_m5deg.png,nguy hiểm,Warning Signs,W.225,,267
F:\25-26 kì 2\chuyên đề thầy Thành\TrafficSignsProject\dataset_aug\Warning Signs\W.226\1.png,nguy hiểm,Warning Signs,W.226,,268
F:\25-26 kì 2\chuyên đề thầy Thành\TrafficSignsProject\dataset_aug\Warning Signs\W.226\1_shear_5deg.png,nguy hiểm,Warning Signs,W.226,,268
F:\25-26 kì 2\chuyên đề thầy Thành\TrafficSignsProject\dataset_aug\Warning Signs\W.226\1_shear_m5deg.png,nguy hiểm,Warning Signs,W.226,,268
F:\25-26 kì 2\chuyên đề thầy Thành\TrafficSignsProject\dataset_aug\Warning Signs\W.227\1.png,nguy hiểm,Warning Signs,W.227,,269
F:\25-26 kì 2\chuyên đề thầy Thành\TrafficSignsProject\dataset_aug\Warning Signs\W.227\1_shear_5deg.png,nguy hiểm,Warning Signs,W.227,,269
F:\25-26 kì 2\chuyên đề thầy Thành\TrafficSignsProject\dataset_aug\Warning Signs\W.227\1_shear_m5deg.png,nguy hiểm,Warning Signs,W.227,,269
F:\25-26 kì 2\chuyên đề thầy Thành\TrafficSignsProject\dataset_aug\Warning Signs\W.228a\1.png,nguy hiểm,Warning Signs,W.228a,,270
F:\25-26 kì 2\chuyên đề thầy Thành\TrafficSignsProject\dataset_aug\Warning Signs\W.228a\1_shear_5deg.png,nguy hiểm,Warning Signs,W.228a,,270
F:\25-26 kì 2\chuyên đề thầy Thành\TrafficSignsProject\dataset_aug\Warning Signs\W.228a\1_shear_m5deg.png,nguy hiểm,Warning Signs,W.228a,,270
F:\25-26 kì 2\chuyên đề thầy Thành\TrafficSignsProject\dataset_aug\Warning Signs\W.228b\1.png,nguy hiểm,Warning Signs,W.228b,,271
F:\25-26 kì 2\chuyên đề thầy Thành\TrafficSignsProject\dataset_aug\Warning Signs\W.228b\1_shear_5deg.png,nguy hiểm,Warning Signs,W.228b,,271
F:\25-26 kì 2\chuyên đề thầy Thành\TrafficSignsProject\dataset_aug\Warning Signs\W.228b\1_shear_m5deg.png,nguy hiểm,Warning Signs,W.228b,,271
F:\25-26 kì 2\chuyên đề thầy Thành\TrafficSignsProject\dataset_aug\Warning Signs\W.228c\1.png,nguy hiểm,Warning Signs,W.228c,,272
F:\25-26 kì 2\chuyên đề thầy Thành\TrafficSignsProject\dataset_aug\Warning Signs\W.228c\1_shear_5deg.png,nguy hiểm,Warning Signs,W.228c,,272
F:\25-26 kì 2\chuyên đề thầy Thành\TrafficSignsProject\dataset_aug\Warning Signs\W.228c\1_shear_m5deg.png,nguy hiểm,Warning Signs,W.228c,,272
F:\25-26 kì 2\chuyên đề thầy Thành\TrafficSignsProject\dataset_aug\Warning Signs\W.228d\1.png,nguy hiểm,Warning Signs,W.228d,,273
F:\25-26 kì 2\chuyên đề thầy Thành\TrafficSignsProject\dataset_aug\Warning Signs\W.228d\1_shear_5deg.png,nguy hiểm,Warning Signs,W.228d,,273
F:\25-26 kì 2\chuyên đề thầy Thành\TrafficSignsProject\dataset_aug\Warning Signs\W.228d\1_shear_m5deg.png,nguy hiểm,Warning Signs,W.228d,,273
F:\25-26 kì 2\chuyên đề thầy Thành\TrafficSignsProject\dataset_aug\Warning Signs\W.229\1.png,nguy hiểm,Warning Signs,W.229,,274
F:\25-26 kì 2\chuyên đề thầy Thành\TrafficSignsProject\dataset_aug\Warning Signs\W.229\1_shear_5deg.png,nguy hiểm,Warning Signs,W.229,,274
F:\25-26 kì 2\chuyên đề thầy Thành\TrafficSignsProject\dataset_aug\Warning Signs\W.229\1_shear_m5deg.png,nguy hiểm,Warning Signs,W.229,,274
F:\25-26 kì 2\chuyên đề thầy Thành\TrafficSignsProject\dataset_aug\Warning Signs\W.230\1.png,nguy hiểm,Warning Signs,W.230,,275
F:\25-26 kì 2\chuyên đề thầy Thành\TrafficSignsProject\dataset_aug\Warning Signs\W.230\1_shear_5deg.png,nguy hiểm,Warning Signs,W.230,,275
F:\25-26 kì 2\chuyên đề thầy Thành\TrafficSignsProject\dataset_aug\Warning Signs\W.230\1_shear_m5deg.png,nguy hiểm,Warning Signs,W.230,,275
F:\25-26 kì 2\chuyên đề thầy Thành\TrafficSignsProject\dataset_aug\Warning Signs\W.231\1.png,nguy hiểm,Warning Signs,W.231,,276
F:\25-26 kì 2\chuyên đề thầy Thành\TrafficSignsProject\dataset_aug\Warning Signs\W.231\1_shear_5deg.png,nguy hiểm,Warning Signs,W.231,,276
F:\25-26 kì 2\chuyên đề thầy Thành\TrafficSignsProject\dataset_aug\Warning Signs\W.231\1_shear_m5deg.png,nguy hiểm,Warning Signs,W.231,,276
F:\25-26 kì 2\chuyên đề thầy Thành\TrafficSignsProject\dataset_aug\Warning Signs\W.232\1.png,nguy hiểm,Warning Signs,W.232,,277
F:\25-26 kì 2\chuyên đề thầy Thành\TrafficSignsProject\dataset_aug\Warning Signs\W.232\1_shear_5deg.png,nguy hiểm,Warning Signs,W.232,,277
F:\25-26 kì 2\chuyên đề thầy Thành\TrafficSignsProject\dataset_aug\Warning Signs\W.232\1_shear_m5deg.png,nguy hiểm,Warning Signs,W.232,,277
F:\25-26 kì 2\chuyên đề thầy Thành\TrafficSignsProject\dataset_aug\Warning Signs\W.233\1.png,nguy hiểm,Warning Signs,W.233,,278
F:\25-26 kì 2\chuyên đề thầy Thành\TrafficSignsProject\dataset_aug\Warning Signs\W.233\1_shear_5deg.png,nguy hiểm,Warning Signs,W.233,,278
F:\25-26 kì 2\chuyên đề thầy Thành\TrafficSignsProject\dataset_aug\Warning Signs\W.233\1_shear_m5deg.png,nguy hiểm,Warning Signs,W.233,,278
F:\25-26 kì 2\chuyên đề thầy Thành\TrafficSignsProject\dataset_aug\Warning Signs\W.234\1.png,nguy hiểm,Warning Signs,W.234,,279
F:\25-26 kì 2\chuyên đề thầy Thành\TrafficSignsProject\dataset_aug\Warning Signs\W.234\1_shear_5deg.png,nguy hiểm,Warning Signs,W.234,,279
F:\25-26 kì 2\chuyên đề thầy Thành\TrafficSignsProject\dataset_aug\Warning Signs\W.234\1_shear_m5deg.png,nguy hiểm,Warning Signs,W.234,,279
F:\25-26 kì 2\chuyên đề thầy Thành\TrafficSignsProject\dataset_aug\Warning Signs\W.235\1.png,nguy hiểm,Warning Signs,W.235,,280
F:\25-26 kì 2\chuyên đề thầy Thành\TrafficSignsProject\dataset_aug\Warning Signs\W.235\1_shear_5deg.png,nguy hiểm,Warning Signs,W.235,,280
F:\25-26 kì 2\chuyên đề thầy Thành\TrafficSignsProject\dataset_aug\Warning Signs\W.235\1_shear_m5deg.png,nguy hiểm,Warning Signs,W.235,,280
F:\25-26 kì 2\chuyên đề thầy Thành\TrafficSignsProject\dataset_aug\Warning Signs\W.236\1.png,nguy hiểm,Warning Signs,W.236,,281
F:\25-26 kì 2\chuyên đề thầy Thành\TrafficSignsProject\dataset_aug\Warning Signs\W.236\1_shear_5deg.png,nguy hiểm,Warning Signs,W.236,,281
F:\25-26 kì 2\chuyên đề thầy Thành\TrafficSignsProject\dataset_aug\Warning Signs\W.236\1_shear_m5deg.png,nguy hiểm,Warning Signs,W.236,,281
F:\25-26 kì 2\chuyên đề thầy Thành\TrafficSignsProject\dataset_aug\Warning Signs\W.237\1.png,nguy hiểm,Warning Signs,W.237,,282
F:\25-26 kì 2\chuyên đề thầy Thành\TrafficSignsProject\dataset_aug\Warning Signs\W.237\1_shear_5deg.png,nguy hiểm,Warning Signs,W.237,,282
F:\25-26 kì 2\chuyên đề thầy Thành\TrafficSignsProject\dataset_aug\Warning Signs\W.237\1_shear_m5deg.png,nguy hiểm,Warning Signs,W.237,,282
F:\25-26 kì 2\chuyên đề thầy Thành\TrafficSignsProject\dataset_aug\Warning Signs\W.238\1.png,nguy hiểm,Warning Signs,W.238,,283
F:\25-26 kì 2\chuyên đề thầy Thành\TrafficSignsProject\dataset_aug\Warning Signs\W.238\1_shear_5deg.png,nguy hiểm,Warning Signs,W.238,,283
F:\25-26 kì 2\chuyên đề thầy Thành\TrafficSignsProject\dataset_aug\Warning Signs\W.238\1_shear_m5deg.png,nguy hiểm,Warning Signs,W.238,,283
F:\25-26 kì 2\chuyên đề thầy Thành\TrafficSignsProject\dataset_aug\Warning Signs\W.239a\1.png,nguy hiểm,Warning Signs,W.239a,,284
F:\25-26 kì 2\chuyên đề thầy Thành\TrafficSignsProject\dataset_aug\Warning Signs\W.239a\1_shear_5deg.png,nguy hiểm,Warning Signs,W.239a,,284
F:\25-26 kì 2\chuyên đề thầy Thành\TrafficSignsProject\dataset_aug\Warning Signs\W.239a\1_shear_m5deg.png,nguy hiểm,Warning Signs,W.239a,,284
F:\25-26 kì 2\chuyên đề thầy Thành\TrafficSignsProject\dataset_aug\Warning Signs\W.239b\1.png,nguy hiểm,Warning Signs,W.239b,,285
F:\25-26 kì 2\chuyên đề thầy Thành\TrafficSignsProject\dataset_aug\Warning Signs\W.239b\1_shear_5deg.png,nguy hiểm,Warning Signs,W.239b,,285
F:\25-26 kì 2\chuyên đề thầy Thành\TrafficSignsProject\dataset_aug\Warning Signs\W.239b\1_shear_m5deg.png,nguy hiểm,Warning Signs,W.239b,,285
F:\25-26 kì 2\chuyên đề thầy Thành\TrafficSignsProject\dataset_aug\Warning Signs\W.240\1.png,nguy hiểm,Warning Signs,W.240,,286
F:\25-26 kì 2\chuyên đề thầy Thành\TrafficSignsProject\dataset_aug\Warning Signs\W.240\1_shear_5deg.png,nguy hiểm,Warning Signs,W.240,,286
F:\25-26 kì 2\chuyên đề thầy Thành\TrafficSignsProject\dataset_aug\Warning Signs\W.240\1_shear_m5deg.png,nguy hiểm,Warning Signs,W.240,,286
F:\25-26 kì 2\chuyên đề thầy Thành\TrafficSignsProject\dataset_aug\Warning Signs\W.241\1.png,nguy hiểm,Warning Signs,W.241,,287
F:\25-26 kì 2\chuyên đề thầy Thành\TrafficSignsProject\dataset_aug\Warning Signs\W.241\1_shear_5deg.png,nguy hiểm,Warning Signs,W.241,,287
F:\25-26 kì 2\chuyên đề thầy Thành\TrafficSignsProject\dataset_aug\Warning Signs\W.241\1_shear_m5deg.png,nguy hiểm,Warning Signs,W.241,,287
F:\25-26 kì 2\chuyên đề thầy Thành\TrafficSignsProject\dataset_aug\Warning Signs\W.242a\1.png,nguy hiểm,Warning Signs,W.242a,,288
F:\25-26 kì 2\chuyên đề thầy Thành\TrafficSignsProject\dataset_aug\Warning Signs\W.242a\1_shear_5deg.png,nguy hiểm,Warning Signs,W.242a,,288
F:\25-26 kì 2\chuyên đề thầy Thành\TrafficSignsProject\dataset_aug\Warning Signs\W.242a\1_shear_m5deg.png,nguy hiểm,Warning Signs,W.242a,,288
F:\25-26 kì 2\chuyên đề thầy Thành\TrafficSignsProject\dataset_aug\Warning Signs\W.242b\1.png,nguy hiểm,Warning Signs,W.242b,,289
F:\25-26 kì 2\chuyên đề thầy Thành\TrafficSignsProject\dataset_aug\Warning Signs\W.242b\1_shear_5deg.png,nguy hiểm,Warning Signs,W.242b,,289
F:\25-26 kì 2\chuyên đề thầy Thành\TrafficSignsProject\dataset_aug\Warning Signs\W.242b\1_shear_m5deg.png,nguy hiểm,Warning Signs,W.242b,,289
F:\25-26 kì 2\chuyên đề thầy Thành\TrafficSignsProject\dataset_aug\Warning Signs\W.243a\1.png,nguy hiểm,Warning Signs,W.243a,,290
F:\25-26 kì 2\chuyên đề thầy Thành\TrafficSignsProject\dataset_aug\Warning Signs\W.243a\1_shear_5deg.png,nguy hiểm,Warning Signs,W.243a,,290
F:\25-26 kì 2\chuyên đề thầy Thành\TrafficSignsProject\dataset_aug\Warning Signs\W.243a\1_shear_m5deg.png,nguy hiểm,Warning Signs,W.243a,,290
F:\25-26 kì 2\chuyên đề thầy Thành\TrafficSignsProject\dataset_aug\Warning Signs\W.243b\1.png,nguy hiểm,Warning Signs,W.243b,,291
F:\25-26 kì 2\chuyên đề thầy Thành\TrafficSignsProject\dataset_aug\Warning Signs\W.243b\1_shear_5deg.png,nguy hiểm,Warning Signs,W.243b,,291
F:\25-26 kì 2\chuyên đề thầy Thành\TrafficSignsProject\dataset_aug\Warning Signs\W.243b\1_shear_m5deg.png,nguy hiểm,Warning Signs,W.243b,,291
F:\25-26 kì 2\chuyên đề thầy Thành\TrafficSignsProject\dataset_aug\Warning Signs\W.243c\1.png,nguy hiểm,Warning Signs,W.243c,,292
F:\25-26 kì 2\chuyên đề thầy Thành\TrafficSignsProject\dataset_aug\Warning Signs\W.243c\1_shear_5deg.png,nguy hiểm,Warning Signs,W.243c,,292
F:\25-26 kì 2\chuyên đề thầy Thành\TrafficSignsProject\dataset_aug\Warning Signs\W.243c\1_shear_m5deg.png,nguy hiểm,Warning Signs,W.243c,,292
F:\25-26 kì 2\chuyên đề thầy Thành\TrafficSignsProject\dataset_aug\Warning Signs\W.244\1.png,nguy hiểm,Warning Signs,W.244,,293
F:\25-26 kì 2\chuyên đề thầy Thành\TrafficSignsProject\dataset_aug\Warning Signs\W.244\1_shear_5deg.png,nguy hiểm,Warning Signs,W.244,,293
F:\25-26 kì 2\chuyên đề thầy Thành\TrafficSignsProject\dataset_aug\Warning Signs\W.244\1_shear_m5deg.png,nguy hiểm,Warning Signs,W.244,,293
F:\25-26 kì 2\chuyên đề thầy Thành\TrafficSignsProject\dataset_aug\Warning Signs\W.245a\1.png,nguy hiểm,Warning Signs,W.245a,,294
F:\25-26 kì 2\chuyên đề thầy Thành\TrafficSignsProject\dataset_aug\Warning Signs\W.245a\1_shear_5deg.png,nguy hiểm,Warning Signs,W.245a,,294
F:\25-26 kì 2\chuyên đề thầy Thành\TrafficSignsProject\dataset_aug\Warning Signs\W.245a\1_shear_m5deg.png,nguy hiểm,Warning Signs,W.245a,,294
F:\25-26 kì 2\chuyên đề thầy Thành\TrafficSignsProject\dataset_aug\Warning Signs\W.245b\1.png,nguy hiểm,Warning Signs,W.245b,,295
F:\25-26 kì 2\chuyên đề thầy Thành\TrafficSignsProject\dataset_aug\Warning Signs\W.245b\1_shear_5deg.png,nguy hiểm,Warning Signs,W.245b,,295
F:\25-26 kì 2\chuyên đề thầy Thành\TrafficSignsProject\dataset_aug\Warning Signs\W.245b\1_shear_m5deg.png,nguy hiểm,Warning Signs,W.245b,,295
F:\25-26 kì 2\chuyên đề thầy Thành\TrafficSignsProject\dataset_aug\Warning Signs\W.246a\1.png,nguy hiểm,Warning Signs,W.246a,,296
F:\25-26 kì 2\chuyên đề thầy Thành\TrafficSignsProject\dataset_aug\Warning Signs\W.246a\1_shear_5deg.png,nguy hiểm,Warning Signs,W.246a,,296
F:\25-26 kì 2\chuyên đề thầy Thành\TrafficSignsProject\dataset_aug\Warning Signs\W.246a\1_shear_m5deg.png,nguy hiểm,Warning Signs,W.246a,,296
F:\25-26 kì 2\chuyên đề thầy Thành\TrafficSignsProject\dataset_aug\Warning Signs\W.246b\1.png,nguy hiểm,Warning Signs,W.246b,,297
F:\25-26 kì 2\chuyên đề thầy Thành\TrafficSignsProject\dataset_aug\Warning Signs\W.246b\1_shear_5deg.png,nguy hiểm,Warning Signs,W.246b,,297
F:\25-26 kì 2\chuyên đề thầy Thành\TrafficSignsProject\dataset_aug\Warning Signs\W.246b\1_shear_m5deg.png,nguy hiểm,Warning Signs,W.246b,,297
F:\25-26 kì 2\chuyên đề thầy Thành\TrafficSignsProject\dataset_aug\Warning Signs\W.246c\1.png,nguy hiểm,Warning Signs,W.246c,,298
F:\25-26 kì 2\chuyên đề thầy Thành\TrafficSignsProject\dataset_aug\Warning Signs\W.246c\1_shear_5deg.png,nguy hiểm,Warning Signs,W.246c,,298
F:\25-26 kì 2\chuyên đề thầy Thành\TrafficSignsProject\dataset_aug\Warning Signs\W.246c\1_shear_m5deg.png,nguy hiểm,Warning Signs,W.246c,,298
F:\25-26 kì 2\chuyên đề thầy Thành\TrafficSignsProject\dataset_aug\Warning Signs\W.247\1.png,nguy hiểm,Warning Signs,W.247,,299
F:\25-26 kì 2\chuyên đề thầy Thành\TrafficSignsProject\dataset_aug\Warning Signs\W.247\1_shear_5deg.png,nguy hiểm,Warning Signs,W.247,,299
F:\25-26 kì 2\chuyên đề thầy Thành\TrafficSignsProject\dataset_aug\Warning Signs\W.247\1_shear_m5deg.png,nguy hiểm,Warning Signs,W.247,,299
